,barley_ph,barley_cec
BRIDGE_HOR_12516,64,236
BRIDGE_HOR_12779,64,236
BRIDGE_HOR_12780,64,236
BRIDGE_BCC_1576,NA,NA
BRIDGE_HOR_13419,73,200
BRIDGE_HOR_13418,75,200
BRIDGE_HOR_13420,75,203
BRIDGE_HOR_12820,NA,NA
BRIDGE_HOR_13423,75,229
BRIDGE_HOR_13414,76,211
BRIDGE_HOR_13415,76,211
BRIDGE_HOR_13416,75,197
BRIDGE_HOR_13417,75,197
BRIDGE_HOR_13412,75,202
BRIDGE_HOR_13413,75,202
BRIDGE_BCC_137,75,183
BRIDGE_HOR_13425,74,220
BRIDGE_HOR_13424,75,239
BRIDGE_HOR_13447,75,239
BRIDGE_HOR_13436,75,199
BRIDGE_HOR_13437,75,199
BRIDGE_HOR_13427,76,226
BRIDGE_HOR_13428,76,226
BRIDGE_HOR_13429,76,226
BRIDGE_HOR_13430,76,226
BRIDGE_HOR_13431,76,226
BRIDGE_HOR_13432,76,226
BRIDGE_HOR_13433,76,226
BRIDGE_HOR_13434,76,226
BRIDGE_HOR_13426,74,232
BRIDGE_HOR_13438,74,232
BRIDGE_HOR_8841,65,189
BRIDGE_BCC_140,81,146
BRIDGE_HOR_8849,60,229
BRIDGE_HOR_8850,60,229
BRIDGE_BCC_152,72,283
BRIDGE_HOR_8851,55,254
BRIDGE_HOR_13443,74,254
BRIDGE_HOR_8848,60,251
BRIDGE_HOR_8846,63,202
BRIDGE_HOR_13442,76,237
BRIDGE_HOR_13446,71,246
BRIDGE_HOR_13444,67,252
BRIDGE_HOR_13445,67,252
BRIDGE_BCC_141,78,156
BRIDGE_HOR_13441,76,196
BRIDGE_HOR_8852,59,254
BRIDGE_HOR_13439,77,162
BRIDGE_HOR_13440,81,248
BRIDGE_HOR_12522,82,122
BRIDGE_HOR_12821,82,122
BRIDGE_BCC_162,75,208
BRIDGE_HOR_11644,NA,NA
BRIDGE_HOR_13460,76,202
BRIDGE_HOR_13461,76,202
BRIDGE_HOR_11646,NA,NA
BRIDGE_HOR_11665,NA,NA
BRIDGE_HOR_12019,NA,NA
BRIDGE_HOR_12045,NA,NA
BRIDGE_HOR_12047,NA,NA
BRIDGE_HOR_12048,NA,NA
BRIDGE_HOR_12073,NA,NA
BRIDGE_HOR_12316,NA,NA
BRIDGE_HOR_12317,NA,NA
BRIDGE_HOR_12318,NA,NA
BRIDGE_HOR_12319,NA,NA
BRIDGE_HOR_12320,NA,NA
BRIDGE_HOR_12322,NA,NA
BRIDGE_HOR_12323,NA,NA
BRIDGE_HOR_12324,NA,NA
BRIDGE_HOR_12325,NA,NA
BRIDGE_HOR_12326,NA,NA
BRIDGE_HOR_12331,NA,NA
BRIDGE_HOR_12332,NA,NA
BRIDGE_HOR_12334,NA,NA
BRIDGE_BCC_134,82,129
BRIDGE_HOR_11645,69,291
BTR_FT521,72,254
BRIDGE_BCC_37,76,162
BRIDGE_HOR_13515,71,271
BRIDGE_HOR_13516,74,272
BRIDGE_BCC_49,75,176
BRIDGE_HOR_13519,66,267
BRIDGE_HOR_13520,NA,NA
BRIDGE_HOR_13518,65,327
BRIDGE_BCC_46,75,178
BRIDGE_HOR_13521,73,262
BRIDGE_BCC_33,72,224
BRIDGE_HOR_13522,72,263
BRIDGE_HOR_13517,72,225
BRIDGE_HOR_11116,68,267
BRIDGE_HOR_11117,68,267
BRIDGE_HOR_11118,68,267
BRIDGE_HOR_11119,68,237
BRIDGE_HOR_11125,68,237
BRIDGE_HOR_12412,68,237
BTR_FT411,62,302
BRIDGE_HOR_11503,65,200
BRIDGE_HOR_11495,68,207
BRIDGE_HOR_11496,65,202
BRIDGE_HOR_11497,69,215
BRIDGE_HOR_11498,68,222
BRIDGE_HOR_13493,69,210
BRIDGE_HOR_13490,69,215
BRIDGE_HOR_11480,71,224
BRIDGE_HOR_11481,72,235
BRIDGE_HOR_11482,NA,NA
BRIDGE_HOR_11483,73,216
BRIDGE_HOR_11484,72,197
BRIDGE_HOR_13462,71,224
BRIDGE_HOR_12831,NA,NA
BRIDGE_HOR_11501,72,201
BRIDGE_HOR_11499,66,186
BRIDGE_HOR_11488,76,216
BRIDGE_HOR_11487,NA,NA
BRIDGE_HOR_11491,74,220
BRIDGE_HOR_11504,74,220
BRIDGE_HOR_12711,74,220
BRIDGE_HOR_12712,74,220
BRIDGE_HOR_12795,74,220
BRIDGE_HOR_13466,74,220
BRIDGE_HOR_11490,73,216
BRIDGE_HOR_11485,NA,NA
BRIDGE_HOR_11486,78,198
BRIDGE_HOR_11489,68,211
BRIDGE_HOR_11502,64,216
BRIDGE_HOR_12794,64,216
BRIDGE_HOR_11492,72,213
BRIDGE_HOR_11493,74,198
BRIDGE_HOR_12793,74,198
BRIDGE_HOR_11494,NA,NA
BRIDGE_HOR_13494,NA,NA
BRIDGE_HOR_94,64,313
BRIDGE_HOR_10367,69,290
BRIDGE_HOR_3964,NA,NA
BRIDGE_HOR_11123,63,309
BRIDGE_HOR_11124,63,309
BRIDGE_HOR_12411,63,309
BRIDGE_HOR_12787,63,309
BRIDGE_HOR_13495_A,NA,NA
BRIDGE_HOR_13496,NA,NA
BRIDGE_HOR_22167,NA,NA
BRIDGE_HOR_11006,61,274
BRIDGE_HOR_11005,69,305
BRIDGE_HOR_3968,59,300
BRIDGE_HOR_10949,76,264
BRIDGE_HOR_11003,66,279
BRIDGE_HOR_2348,56,389
BRIDGE_HOR_2346,55,336
BRIDGE_HOR_11004,70,297
BRIDGE_HOR_2404,58,298
BRIDGE_HOR_947,58,298
BRIDGE_HOR_11008,52,317
BRIDGE_HOR_91,59,343
BRIDGE_HOR_814,59,343
BRIDGE_HOR_12420,72,211
BRIDGE_HOR_10947,64,276
BRIDGE_HOR_10948,69,290
BRIDGE_HOR_11114,71,223
BRIDGE_HOR_12721,71,223
BRIDGE_HOR_11009,59,287
BRIDGE_HOR_10682,72,229
BRIDGE_HOR_10683,72,229
BRIDGE_HOR_10946,74,257
BRIDGE_HOR_11113,74,254
BRIDGE_HOR_11122,74,254
BRIDGE_HOR_93,53,339
BRIDGE_HOR_10554,NA,NA
BRIDGE_HOR_10556,NA,NA
BRIDGE_HOR_10557,NA,NA
BRIDGE_HOR_10560,NA,NA
BRIDGE_HOR_10671,NA,NA
BRIDGE_BCC_112,77,198
BRIDGE_HOR_3959,60,327
BRIDGE_HOR_10943,73,295
BRIDGE_HOR_10944,73,295
BRIDGE_HOR_10555,76,229
BRIDGE_HOR_10670,76,229
BRIDGE_HOR_10772,76,229
BRIDGE_HOR_3954,50,435
BRIDGE_HOR_3777,52,331
BRIDGE_HOR_3960,52,331
BRIDGE_HOR_3949,54,307
BRIDGE_HOR_3956,52,283
BRIDGE_HOR_10937,63,308
BRIDGE_HOR_9857,53,316
BRIDGE_HOR_9858,53,316
BRIDGE_HOR_10939,74,272
BRIDGE_HOR_10940,74,272
BRIDGE_HOR_10941,74,272
BRIDGE_HOR_10942,74,272
BRIDGE_HOR_10992,74,272
BRIDGE_HOR_10945,78,241
BRIDGE_HOR_10950,78,241
BRIDGE_HOR_11107,78,241
BRIDGE_HOR_11108,78,241
BRIDGE_HOR_3950,53,354
BRIDGE_HOR_3961,57,314
BRIDGE_HOR_9848,53,337
BRIDGE_HOR_9850,53,337
BRIDGE_HOR_9851,53,337
BRIDGE_HOR_10936,70,295
BRIDGE_HOR_11012,70,295
BRIDGE_BCC_1590,70,295
BRIDGE_HOR_10553,70,211
BRIDGE_HOR_8702,75,202
BRIDGE_HOR_3951,51,357
BRIDGE_HOR_3957,55,336
BRIDGE_HOR_3958,53,356
BRIDGE_HOR_9855,53,401
BRIDGE_HOR_9856,53,401
BRIDGE_HOR_10552,75,218
BRIDGE_HOR_10638,75,218
BRIDGE_HOR_9712,73,263
BRIDGE_HOR_13488_A,NA,NA
BRIDGE_HOR_22164,NA,NA
BRIDGE_HOR_9711,72,271
BRIDGE_HOR_10630,61,313
BRIDGE_HOR_3953,53,274
BRIDGE_HOR_10094,56,317
BRIDGE_HOR_9852,56,317
BRIDGE_HOR_9853,56,317
BRIDGE_HOR_9854,56,317
BRIDGE_HOR_9256,70,244
BRIDGE_HOR_9265,70,244
BRIDGE_HOR_9462,70,244
BRIDGE_HOR_13487,69,221
BRIDGE_HOR_13486,69,236
BRIDGE_HOR_9264,71,239
BRIDGE_HOR_9308,71,239
BRIDGE_HOR_9309,71,239
BRIDGE_HOR_9257,70,278
BRIDGE_HOR_9267,70,278
BRIDGE_HOR_10411,72,254
BRIDGE_HOR_10412,72,254
BRIDGE_HOR_9268,72,254
BRIDGE_HOR_9269,72,254
BRIDGE_HOR_9273,73,267
BRIDGE_HOR_9310,72,254
BRIDGE_HOR_1999,NA,NA
BRIDGE_HOR_4280,NA,NA
BRIDGE_HOR_9258,69,262
BRIDGE_HOR_9270,69,262
BRIDGE_HOR_13158,59,304
BRIDGE_HOR_9274,73,241
BRIDGE_HOR_13159,60,276
BRIDGE_HOR_9704,70,268
BRIDGE_HOR_9705,70,268
BRIDGE_HOR_2285,71,218
BRIDGE_HOR_4579,71,218
BRIDGE_HOR_2000,NA,NA
BRIDGE_HOR_2001,67,234
BRIDGE_HOR_2004,67,234
BRIDGE_HOR_9859,53,293
BRIDGE_HOR_10028,73,264
BRIDGE_HOR_10059,73,264
BRIDGE_HOR_11478,77,246
BRIDGE_HOR_10952,52,324
BRIDGE_HOR_11479,77,270
BRIDGE_HOR_12791,77,270
BRIDGE_HOR_9261,70,252
BRIDGE_HOR_10044,73,267
BRIDGE_HOR_12822,65,259
BRIDGE_HOR_12823,70,255
BRIDGE_HOR_13523,65,259
BRIDGE_HOR_13524,65,259
BRIDGE_HOR_10045,64,272
BRIDGE_HOR_10681,69,226
BRIDGE_HOR_9913,71,303
BRIDGE_HOR_9914,69,295
BRIDGE_HOR_10223,65,302
BRIDGE_HOR_9255,NA,NA
BRIDGE_HOR_9911,74,284
BRIDGE_HOR_10225,69,247
BRIDGE_HOR_10221,67,240
BRIDGE_HOR_9262,69,239
BRIDGE_HOR_10226,70,247
BRIDGE_HOR_1669,62,234
BRIDGE_HOR_2003,70,236
BRIDGE_HOR_1670,74,265
BRIDGE_HOR_1671,74,265
BRIDGE_HOR_12824,61,269
BRIDGE_HOR_12825,60,241
BRIDGE_HOR_2002,71,232
BRIDGE_HOR_2009,69,243
BRIDGE_HOR_2010,69,243
BRIDGE_HOR_2011,69,243
BRIDGE_HOR_10229,61,242
BRIDGE_HOR_10230,61,242
BRIDGE_HOR_10364,63,248
BRIDGE_HOR_10365,63,248
BRIDGE_HOR_10474,63,248
BRIDGE_HOR_2005,71,238
BRIDGE_HOR_10825,76,272
BRIDGE_HOR_2392,65,249
BRIDGE_HOR_2486,65,249
BRIDGE_HOR_2008,64,252
BRIDGE_HOR_2007,63,234
BRIDGE_HOR_10234,73,225
BRIDGE_HOR_10827,73,280
BRIDGE_HOR_2006,NA,NA
BRIDGE_HOR_11120,74,258
BRIDGE_HOR_7336,66,293
BRIDGE_HOR_7392,66,293
BRIDGE_HOR_9646,64,283
BRIDGE_HOR_9647,64,283
BRIDGE_HOR_9648,66,292
BRIDGE_HOR_9653,65,284
BRIDGE_HOR_9651,65,243
BRIDGE_HOR_9652,65,243
BRIDGE_HOR_9248,74,249
BRIDGE_HOR_7334,NA,NA
BRIDGE_HOR_7335,NA,NA
BRIDGE_HOR_10828,76,255
BRIDGE_HOR_10831,76,255
BRIDGE_HOR_9252,72,222
BRIDGE_HOR_9636,64,257
BRIDGE_HOR_9637,64,257
BRIDGE_HOR_9638,64,257
BRIDGE_HOR_9639,64,257
BRIDGE_HOR_9640,64,257
BRIDGE_HOR_9641,61,267
BRIDGE_HOR_9642,61,267
BRIDGE_HOR_9643,61,267
BRIDGE_HOR_9655,58,287
BRIDGE_HOR_9670,53,225
BRIDGE_HOR_9671,53,225
BRIDGE_HOR_9656,55,234
BRIDGE_HOR_9657,55,234
BRIDGE_HOR_9658,55,234
BRIDGE_HOR_9659,55,234
BRIDGE_HOR_9660,55,234
BRIDGE_HOR_9645,58,255
BRIDGE_HOR_9661,58,255
BRIDGE_HOR_9662,58,255
BRIDGE_HOR_9663,58,255
BRIDGE_HOR_9664,58,255
BRIDGE_HOR_9665,58,255
BRIDGE_HOR_9666,58,255
BRIDGE_HOR_9667,58,255
BRIDGE_HOR_9668,58,255
BRIDGE_HOR_9669,58,255
BRIDGE_HOR_8613,57,274
BRIDGE_HOR_9685,59,263
BRIDGE_HOR_9672,57,268
BRIDGE_HOR_9673,57,268
BRIDGE_HOR_9682,NA,NA
BRIDGE_HOR_9683,NA,NA
BRIDGE_HOR_9684,NA,NA
BRIDGE_HOR_9674,58,268
BRIDGE_HOR_9675,58,268
BRIDGE_HOR_9676,58,268
BRIDGE_HOR_9677,58,268
BRIDGE_HOR_9678,58,268
BRIDGE_HOR_7383,56,274
BRIDGE_HOR_9681,57,242
BRIDGE_HOR_9679,56,254
BRIDGE_HOR_9680,56,254
BRIDGE_HOR_10829,75,215
BRIDGE_HOR_10830,75,215
BRIDGE_HOR_9692,59,267
BRIDGE_HOR_9693,59,267
BRIDGE_HOR_7384,58,273
BRIDGE_HOR_7385,58,273
BRIDGE_HOR_7386,58,273
BRIDGE_HOR_7387,58,273
BRIDGE_HOR_7388,58,273
BRIDGE_HOR_7438,58,273
BRIDGE_HOR_4944,58,273
BRIDGE_HOR_9694,55,251
BRIDGE_HOR_4945,52,325
BRIDGE_HOR_4946,52,325
BRIDGE_HOR_7279,52,325
BRIDGE_HOR_9686,61,284
BRIDGE_HOR_9687,61,284
BRIDGE_HOR_9688,61,284
BRIDGE_HOR_9689,61,284
BRIDGE_HOR_9690,61,284
BRIDGE_HOR_9691,61,284
BRIDGE_HOR_9700,52,291
BRIDGE_HOR_9696,60,282
BRIDGE_HOR_9697,60,282
BRIDGE_HOR_9698,60,282
BRIDGE_HOR_9699,60,282
BRIDGE_HOR_9695,60,282
BRIDGE_HOR_7337,63,294
BRIDGE_HOR_7338,63,294
BRIDGE_HOR_7339,63,294
BRIDGE_HOR_7340,63,294
BRIDGE_HOR_7341,63,294
BRIDGE_HOR_7342,63,294
BRIDGE_HOR_7343,63,294
BRIDGE_HOR_7379,50,305
BRIDGE_HOR_7380,50,305
BRIDGE_HOR_7381,50,305
BRIDGE_HOR_7376,54,307
BRIDGE_HOR_7377,54,307
BRIDGE_HOR_7378,54,307
BRIDGE_HOR_7436,54,307
BRIDGE_HOR_7437,54,307
BRIDGE_HOR_7346,58,334
BRIDGE_HOR_7373,55,379
BRIDGE_HOR_7374,55,379
BRIDGE_HOR_7375,55,379
BRIDGE_HOR_7369,61,349
BRIDGE_HOR_7347,61,310
BRIDGE_HOR_7372,56,286
BRIDGE_HOR_7349,67,261
BRIDGE_HOR_7370,56,291
BRIDGE_HOR_7371,56,291
BRIDGE_HOR_737,NA,NA
BRIDGE_HOR_738,NA,NA
BRIDGE_HOR_739,78,276
BRIDGE_HOR_7350,NA,NA
BRIDGE_HOR_7351,NA,NA
BRIDGE_HOR_7352,NA,NA
BRIDGE_HOR_7353,NA,NA
BRIDGE_HOR_7354,NA,NA
BRIDGE_HOR_11312,68,250
BRIDGE_HOR_11313,68,250
BRIDGE_HOR_12805,68,250
BRIDGE_HOR_11315,65,268
BRIDGE_HOR_11314,70,236
BRIDGE_HOR_12782,70,236
BRIDGE_HOR_736,65,268
BRIDGE_HOR_7368,NA,NA
BRIDGE_HOR_748,64,287
BRIDGE_HOR_740,67,278
BRIDGE_HOR_7355,58,265
BRIDGE_HOR_7356,58,268
BRIDGE_HOR_7357,58,268
BRIDGE_HOR_7358,58,268
BRIDGE_HOR_7359,58,268
BRIDGE_HOR_7390,58,268
BRIDGE_HOR_756,63,259
BRIDGE_HOR_13150,70,265
BRIDGE_HOR_13151,70,265
BRIDGE_HOR_1245,66,247
BRIDGE_HOR_987,66,247
BRIDGE_HOR_12402,70,292
BRIDGE_HOR_12798,70,292
BRIDGE_HOR_1269,69,284
BRIDGE_HOR_1270,69,284
BRIDGE_HOR_1286,66,250
BRIDGE_HOR_12403,71,268
BRIDGE_HOR_12799,71,268
BRIDGE_HOR_12413,70,293
BRIDGE_HOR_1267,65,276
BRIDGE_HOR_1268,65,276
BRIDGE_HOR_13152,67,285
BRIDGE_HOR_12415,66,297
BRIDGE_HOR_12416,68,303
BRIDGE_HOR_768,68,276
BRIDGE_HOR_2510,69,293
BRIDGE_HOR_743,69,293
BRIDGE_HOR_744,69,280
BRIDGE_HOR_8620,55,260
BRIDGE_HOR_8627,55,260
BRIDGE_HOR_8629,55,260
BRIDGE_HOR_8630,55,260
BRIDGE_HOR_8631,55,260
BRIDGE_HOR_8677,55,260
BRIDGE_HOR_8680,55,260
BRIDGE_HOR_1247,69,254
BRIDGE_HOR_991,69,254
BRIDGE_HOR_1386,64,289
BRIDGE_HOR_936,64,289
BRIDGE_HOR_745,65,295
BRIDGE_HOR_1387,68,260
BRIDGE_HOR_937,68,260
BRIDGE_HOR_8615,55,287
BRIDGE_HOR_1279,69,312
BRIDGE_HOR_1280,69,312
BRIDGE_HOR_746,67,282
BRIDGE_HOR_1278,69,270
BRIDGE_HOR_8684,59,259
BRIDGE_HOR_8657,57,283
BRIDGE_HOR_967,68,263
BRIDGE_HOR_7367,52,262
BRIDGE_HOR_7360,63,278
BRIDGE_HOR_7361,63,278
BRIDGE_HOR_989,72,265
BRIDGE_HOR_8655,60,284
BRIDGE_HOR_8656,60,284
BRIDGE_HOR_8660,60,284
BRIDGE_HOR_691,74,237
BRIDGE_HOR_692,74,237
BRIDGE_HOR_729,72,224
BRIDGE_HOR_8647,NA,NA
BRIDGE_HOR_7362,52,268
BRIDGE_HOR_7363,52,268
BRIDGE_HOR_7364,52,268
BRIDGE_HOR_7365,52,268
BRIDGE_HOR_7366,52,268
BRIDGE_HOR_7391,52,268
BRIDGE_HOR_1244,73,232
BRIDGE_HOR_4402,73,232
BRIDGE_HOR_760,73,232
BRIDGE_HOR_986,73,232
BRIDGE_HOR_732,74,222
BRIDGE_HOR_8654,51,310
BRIDGE_HOR_8648,52,271
BRIDGE_HOR_8683,52,271
BRIDGE_HOR_753,60,277
BRIDGE_HOR_966,73,257
BRIDGE_HOR_988,73,257
BRIDGE_HOR_722,71,207
BRIDGE_HOR_731,68,225
BRIDGE_HOR_8650,56,258
BRIDGE_HOR_8651,56,258
BRIDGE_HOR_8652,56,258
BRIDGE_HOR_8649,50,290
BRIDGE_HOR_8653,52,291
BRIDGE_HOR_1236,73,236
BRIDGE_HOR_2278,73,236
BRIDGE_HOR_726,69,208
BRIDGE_HOR_1026,68,227
BRIDGE_HOR_1027,68,227
BRIDGE_HOR_1150,68,227
BRIDGE_HOR_1152,68,227
BRIDGE_HOR_1153,68,227
BRIDGE_HOR_1158,72,206
BRIDGE_HOR_1360,72,206
BRIDGE_HOR_1652,72,206
BRIDGE_HOR_1738,72,206
BRIDGE_HOR_1739,70,231
BRIDGE_HOR_6953,68,227
BRIDGE_HOR_6954,68,227
BRIDGE_HOR_719,70,231
BRIDGE_HOR_720,70,231
BRIDGE_HOR_727,72,206
BRIDGE_HOR_881,70,231
BRIDGE_HOR_725,70,228
BRIDGE_HOR_8645,58,285
BRIDGE_HOR_1020,68,236
BRIDGE_HOR_1033,74,236
BRIDGE_HOR_1156,68,236
BRIDGE_HOR_1164,74,236
BRIDGE_HOR_1380,68,236
BRIDGE_HOR_8646,60,297
BRIDGE_HOR_8644,53,286
BRIDGE_HOR_1010,69,202
BRIDGE_HOR_1022,69,202
BRIDGE_HOR_1023,69,202
BRIDGE_HOR_1145,69,202
BRIDGE_HOR_1146,69,202
BRIDGE_HOR_1147,69,202
BRIDGE_HOR_1239,69,202
BRIDGE_HOR_942,69,202
BRIDGE_HOR_1233,77,285
BRIDGE_HOR_728,70,227
BRIDGE_HOR_982,77,285
BRIDGE_HOR_1024,68,203
BRIDGE_HOR_1148,68,203
BRIDGE_HOR_1011,70,227
BRIDGE_HOR_1128,70,227
BRIDGE_HOR_849,70,227
BRIDGE_HOR_8624,55,262
BRIDGE_HOR_8679,55,262
BRIDGE_HOR_723,70,205
BRIDGE_HOR_724,70,205
BRIDGE_HOR_1382,68,216
BRIDGE_HOR_997,68,216
BRIDGE_HOR_8626,NA,NA
BRIDGE_HOR_1029,64,195
BRIDGE_HOR_1159,64,195
BRIDGE_HOR_730,64,195
BRIDGE_HOR_848,69,217
BRIDGE_HOR_8638,60,250
BRIDGE_HOR_8639,60,250
BRIDGE_HOR_8640,60,250
BRIDGE_HOR_8641,60,250
BRIDGE_HOR_8642,60,250
BRIDGE_HOR_8643,60,250
BRIDGE_HOR_1160,65,201
BRIDGE_HOR_733,65,201
BRIDGE_HOR_1031,71,183
BRIDGE_HOR_1032,71,183
BRIDGE_HOR_1034,71,204
BRIDGE_HOR_1161,71,183
BRIDGE_HOR_1162,71,183
BRIDGE_HOR_1163,71,183
BRIDGE_HOR_1165,71,204
BRIDGE_HOR_734,71,183
BRIDGE_HOR_993,71,183
BRIDGE_HOR_8632,56,288
BRIDGE_HOR_8633,56,288
BRIDGE_HOR_8634,56,288
BRIDGE_HOR_8635,56,288
BRIDGE_HOR_8681,56,288
BRIDGE_HOR_8682,56,288
BRIDGE_HOR_8618,60,253
BRIDGE_HOR_8675,60,253
BRIDGE_HOR_1018,71,219
BRIDGE_HOR_1019,72,215
BRIDGE_HOR_1143,72,215
BRIDGE_HOR_1942,71,219
BRIDGE_HOR_717,71,219
BRIDGE_HOR_1016,73,191
BRIDGE_HOR_1039,73,191
BRIDGE_HOR_1141,73,191
BRIDGE_HOR_693,71,226
BRIDGE_HOR_694,71,224
BRIDGE_HOR_688,67,267
BRIDGE_HOR_689,67,267
BRIDGE_HOR_709,NA,NA
BRIDGE_HOR_8676,63,289
BRIDGE_HOR_8678,63,289
BRIDGE_HOR_1012,72,214
BRIDGE_HOR_1014,72,208
BRIDGE_HOR_1015,72,208
BRIDGE_HOR_1035,68,207
BRIDGE_HOR_1140,72,208
BRIDGE_HOR_1166,68,207
BRIDGE_HOR_1167,68,207
BRIDGE_HOR_1168,68,207
BRIDGE_HOR_1659,68,207
BRIDGE_HOR_1383,68,207
BRIDGE_HOR_4404,68,207
BRIDGE_HOR_690,73,205
BRIDGE_HOR_880,72,208
BRIDGE_HOR_882,68,207
BRIDGE_HOR_943,68,207
BRIDGE_HOR_994,68,207
BRIDGE_HOR_701,71,217
BRIDGE_HOR_711,71,217
BRIDGE_HOR_712,71,217
BRIDGE_HOR_8636,57,261
BRIDGE_HOR_1017,67,229
BRIDGE_HOR_1040,67,229
BRIDGE_HOR_1142,67,229
BRIDGE_HOR_697,68,220
BRIDGE_HOR_698,68,220
BRIDGE_HOR_713,72,213
BRIDGE_HOR_714,72,213
BRIDGE_HOR_1169,70,182
BRIDGE_HOR_1170,70,182
BRIDGE_HOR_4417,70,182
BRIDGE_HOR_700,70,221
BRIDGE_HOR_944,70,182
BRIDGE_HOR_995,70,182
BRIDGE_HOR_996,70,182
BRIDGE_HOR_752,69,223
BRIDGE_HOR_8637,61,292
BRIDGE_HOR_710,73,229
BRIDGE_HOR_718,70,206
BRIDGE_HOR_1038,71,214
BRIDGE_HOR_1238,71,214
BRIDGE_HOR_686,71,214
BRIDGE_HOR_940,71,214
BRIDGE_HOR_1283,79,235
BRIDGE_HOR_1284,79,235
BRIDGE_HOR_1313,79,235
BRIDGE_HOR_1021,69,216
BRIDGE_HOR_1144,69,216
BRIDGE_HOR_1385,69,216
BRIDGE_HOR_684,74,203
BRIDGE_HOR_708,71,207
BRIDGE_HOR_941,69,216
BRIDGE_HOR_1253,66,203
BRIDGE_HOR_1384,66,203
BRIDGE_HOR_685,72,203
BRIDGE_HOR_707,75,228
BRIDGE_HOR_1258,74,206
BRIDGE_HOR_706,74,206
BRIDGE_HOR_1126,74,220
BRIDGE_HOR_1127,74,220
BRIDGE_HOR_983,78,238
BRIDGE_HOR_878,76,191
BRIDGE_HOR_1007,NA,NA
BRIDGE_HOR_1235,NA,NA
BRIDGE_HOR_847,76,201
BRIDGE_HOR_1013,76,217
BRIDGE_HOR_1138,76,217
BRIDGE_HOR_3884,76,217
BRIDGE_HOR_687,72,210
BRIDGE_HOR_3277,77,213
BRIDGE_HOR_3278,76,210
BRIDGE_HOR_679,76,210
BRIDGE_HOR_680,77,213
BRIDGE_HOR_678,74,216
BRIDGE_HOR_13449,65,250
BRIDGE_HOR_13450,65,250
BRIDGE_HOR_1137,69,219
BRIDGE_HOR_1943,69,219
BRIDGE_HOR_2281,69,219
BRIDGE_HOR_681,70,217
BRIDGE_HOR_1025,69,212
BRIDGE_HOR_1149,69,212
BRIDGE_HOR_13451,67,246
BRIDGE_HOR_763,68,221
BRIDGE_HOR_682,71,214
BRIDGE_HOR_761,73,230
BRIDGE_HOR_762,73,230
BRIDGE_HOR_1139,NA,NA
BRIDGE_HOR_1651,NA,NA
BRIDGE_HOR_13456,NA,NA
BRIDGE_HOR_1379,73,226
BRIDGE_HOR_1737,70,219
BRIDGE_HOR_1773,70,219
BRIDGE_HOR_865,74,230
BRIDGE_HOR_1770,74,235
BRIDGE_HOR_1860,74,235
BRIDGE_HOR_862,72,248
BRIDGE_HOR_1172,NA,NA
BRIDGE_HOR_1173,NA,NA
BRIDGE_HOR_1240,NA,NA
BRIDGE_HOR_1356,NA,NA
BRIDGE_HOR_4403,NA,NA
BRIDGE_HOR_864,70,221
BRIDGE_HOR_1131,71,241
BRIDGE_HOR_1995,71,241
BRIDGE_HOR_2674,71,241
BRIDGE_HOR_11319,NA,NA
BRIDGE_HOR_860,73,243
BRIDGE_HOR_867,74,216
BRIDGE_HOR_868,74,216
BRIDGE_HOR_861,73,234
BRIDGE_HOR_866,73,215
BRIDGE_HOR_13455,70,256
BRIDGE_HOR_12833,69,214
BRIDGE_HOR_13454,73,234
BRIDGE_HOR_1122,75,236
BRIDGE_HOR_1125,75,236
BRIDGE_HOR_1134,75,236
BRIDGE_HOR_1135,75,236
BRIDGE_HOR_1241,75,236
BRIDGE_HOR_673,75,236
BRIDGE_HOR_674,75,236
BRIDGE_HOR_675,75,236
BRIDGE_HOR_876,75,236
BRIDGE_HOR_979,75,236
BRIDGE_HOR_676,75,217
BRIDGE_HOR_672,NA,NA
BRIDGE_HOR_869,NA,NA
BRIDGE_HOR_863,70,237
BRIDGE_HOR_1941,NA,NA
BRIDGE_HOR_859,NA,NA
BRIDGE_HOR_677,67,230
BRIDGE_HOR_13457,69,270
BRIDGE_HOR_858,NA,NA
BRIDGE_HOR_1378,72,235
BRIDGE_HOR_856,72,235
BRIDGE_HOR_980,72,235
BRIDGE_HOR_671,73,212
BRIDGE_HOR_857,73,212
BRIDGE_HOR_13453,64,300
BRIDGE_HOR_855,71,226
BRIDGE_HOR_853,69,224
BRIDGE_HOR_1130,73,251
BRIDGE_HOR_850,NA,NA
BRIDGE_HOR_851,NA,NA
BRIDGE_HOR_852,NA,NA
BRIDGE_HOR_1255,NA,NA
BRIDGE_HOR_1257,73,237
BRIDGE_HOR_846,69,233
BRIDGE_HOR_1129,NA,NA
BRIDGE_HOR_854,74,242
BRIDGE_HOR_670,74,225
BRIDGE_HOR_1256,71,251
BRIDGE_HOR_13458,72,287
BRIDGE_BCC_223,NA,NA
BRIDGE_HOR_13452,NA,NA
BRIDGE_BCC_236,71,243
BRIDGE_BCC_55,78,189
BRIDGE_BCC_31,73,249
BRIDGE_BCC_50,80,176
BRIDGE_HOR_20121,NA,NA
BRIDGE_HOR_20135,NA,NA
BRIDGE_HOR_8536,NA,NA
BTR_FT226,NA,NA
BTR_FT553,NA,NA
BRIDGE_HOR_18466,77,183
BRIDGE_BCC_100,79,362
BRIDGE_HOR_13792,78,350
BRIDGE_HOR_18480,77,296
BRIDGE_HOR_18484,78,350
BTR_FT549,NA,NA
BRIDGE_HOR_13795,78,351
BRIDGE_HOR_20145,78,351
BRIDGE_BCC_98,NA,NA
BRIDGE_BCC_253,74,201
BRIDGE_BCC_110,64,240
BRIDGE_BCC_203,70,247
BRIDGE_BCC_102,78,258
BRIDGE_BCC_107,78,221
BRIDGE_HOR_14097,73,231
BRIDGE_HOR_14098,NA,NA
BRIDGE_HOR_11439,NA,NA
BRIDGE_HOR_11444,NA,NA
BRIDGE_HOR_21542,77,253
BRIDGE_HOR_21716,77,253
BRIDGE_HOR_14101,76,290
BRIDGE_HOR_19814,76,233
BRIDGE_HOR_21547,70,272
BTR_FT525,NA,NA
BRIDGE_HOR_20123,74,335
BRIDGE_HOR_20129,74,335
BRIDGE_HOR_21597,79,186
BRIDGE_HOR_21581,75,335
BRIDGE_BCC_244,NA,NA
BRIDGE_HOR_13809,79,198
BRIDGE_HOR_18455,79,180
BRIDGE_HOR_18456,79,198
BRIDGE_HOR_18468,NA,NA
BRIDGE_HOR_18472,79,180
BRIDGE_HOR_20122,NA,NA
BRIDGE_HOR_14112,78,237
BRIDGE_HOR_21600,78,237
BRIDGE_HOR_21556,80,193
BRIDGE_HOR_21546,79,187
BRIDGE_HOR_21571,79,187
BRIDGE_BCC_189,79,199
BRIDGE_HOR_19788,79,199
BRIDGE_HOR_21559,78,212
BRIDGE_HOR_21560,78,212
BRIDGE_HOR_14121,79,268
BRIDGE_HOR_21553,79,268
BRIDGE_HOR_19786,82,151
BRIDGE_HOR_19789,78,298
BRIDGE_HOR_19818,78,298
BRIDGE_HOR_20155,75,276
BRIDGE_HOR_21570,75,276
BRIDGE_HOR_14108,75,303
BRIDGE_HOR_21582,75,303
BRIDGE_BCC_212,80,151
BTR_FT555,69,290
BRIDGE_HOR_9608,56,315
BRIDGE_HOR_9607,57,331
BRIDGE_HOR_10357,60,289
BRIDGE_HOR_9614,60,289
BRIDGE_HOR_9615,60,289
BRIDGE_HOR_9606,58,342
BRIDGE_HOR_9613,60,289
BRIDGE_HOR_9616,57,310
BRIDGE_HOR_9617,57,310
BRIDGE_HOR_9609,60,337
BRIDGE_HOR_9816,NA,NA
BRIDGE_HOR_9610,61,356
BRIDGE_HOR_10889,69,238
BRIDGE_HOR_10887,60,243
BRIDGE_HOR_10989,60,243
BRIDGE_HOR_10358,51,306
BRIDGE_HOR_10359,51,306
BRIDGE_HOR_9621,51,306
BRIDGE_HOR_9867,51,306
BRIDGE_HOR_9868,51,306
BRIDGE_HOR_10360,55,319
BRIDGE_HOR_9622,55,319
BRIDGE_HOR_9623,55,319
BRIDGE_HOR_9624,55,319
BRIDGE_HOR_9625,55,319
BRIDGE_HOR_9869,55,319
BRIDGE_HOR_9870,55,319
BRIDGE_HOR_10361,55,319
BRIDGE_HOR_10464,55,319
BRIDGE_HOR_10465,55,319
BRIDGE_HOR_10466,55,319
BRIDGE_HOR_10467,55,319
BRIDGE_HOR_9626,55,319
BRIDGE_HOR_9628,55,319
BRIDGE_HOR_9629,55,319
BRIDGE_HOR_9871,55,319
BRIDGE_BCC_252,70,284
BRIDGE_HOR_9630,59,336
BRIDGE_HOR_10974,NA,NA
BRIDGE_BCC_91,73,304
BRIDGE_HOR_10971,NA,NA
BRIDGE_HOR_10546,61,260
BRIDGE_HOR_10972,NA,NA
BRIDGE_HOR_10973,NA,NA
BRIDGE_HOR_17837,80,211
BRIDGE_HOR_18848,80,239
BRIDGE_HOR_10970,66,265
BRIDGE_HOR_20183,80,257
BRIDGE_HOR_17774,NA,NA
BRIDGE_HOR_10885,66,223
BRIDGE_HOR_10886,66,223
BTR_FT414,NA,NA
BTR_FT539,72,277
BRIDGE_HOR_10883,61,261
BRIDGE_HOR_10884,61,261
BRIDGE_HOR_7499,77,229
BRIDGE_HOR_10879,63,279
BRIDGE_HOR_10880,63,279
BRIDGE_HOR_10881,NA,NA
BRIDGE_HOR_10882,NA,NA
BRIDGE_BCC_89,79,146
BRIDGE_HOR_10878,65,257
BRIDGE_BCC_87,74,297
BRIDGE_HOR_10705,65,313
BRIDGE_BCC_96,79,154
BRIDGE_HOR_10590,NA,NA
BRIDGE_HOR_4265,78,198
BRIDGE_HOR_8480,NA,NA
BRIDGE_HOR_8273,68,263
BRIDGE_HOR_8274,68,263
BRIDGE_HOR_10591,61,238
BRIDGE_HOR_10648,63,325
BRIDGE_HOR_10647,63,325
BRIDGE_HOR_10646,61,301
BRIDGE_HOR_10644,63,314
BRIDGE_HOR_10645,63,314
BRIDGE_HOR_10643,58,283
BRIDGE_HOR_10775,64,306
BRIDGE_HOR_10641,65,265
BRIDGE_HOR_10742,65,265
BRIDGE_HOR_10777,64,274
BRIDGE_HOR_10820,NA,NA
BRIDGE_HOR_10821,NA,NA
BRIDGE_HOR_10822,NA,NA
BRIDGE_HOR_10640,65,250
BRIDGE_HOR_10642,64,267
BRIDGE_HOR_10819,NA,NA
BRIDGE_HOR_10824,60,216
BRIDGE_HOR_10823,68,228
BRIDGE_HOR_10758,65,272
BRIDGE_HOR_10894,65,272
BRIDGE_HOR_10746,64,290
BRIDGE_HOR_10747,64,290
BRIDGE_HOR_10748,64,290
BRIDGE_HOR_10749,64,290
BRIDGE_HOR_10750,60,233
BRIDGE_HOR_10751,60,233
BRIDGE_HOR_10754,63,280
BRIDGE_HOR_10892,64,247
BRIDGE_HOR_10895,64,247
BRIDGE_HOR_10969,67,260
BRIDGE_HOR_11197,67,260
BRIDGE_BCC_67,NA,NA
BRIDGE_BCC_185,NA,NA
BRIDGE_BCC_28,64,225
BRIDGE_HOR_2841,75,215
BRIDGE_HOR_2842,75,215
BRIDGE_HOR_2843,75,215
BRIDGE_HOR_2844,75,215
BRIDGE_HOR_2845,75,215
BRIDGE_HOR_2846,75,215
BRIDGE_HOR_2847,75,215
BRIDGE_HOR_2848,75,215
BRIDGE_HOR_2849,75,215
BRIDGE_HOR_2850,75,215
BRIDGE_HOR_2851,70,219
BRIDGE_HOR_2852,70,219
BRIDGE_HOR_2853,70,219
BRIDGE_HOR_2854,70,219
BRIDGE_HOR_2855,70,219
BRIDGE_HOR_2856,70,219
BRIDGE_BCC_82,76,269
BRIDGE_HOR_3520,75,249
BRIDGE_HOR_2771,75,249
BRIDGE_HOR_2774,77,189
BRIDGE_HOR_2775,77,189
BRIDGE_HOR_2776,77,189
BRIDGE_HOR_2777,77,189
BRIDGE_HOR_2779,77,189
BRIDGE_HOR_2780,77,189
BRIDGE_HOR_2781,77,189
BRIDGE_HOR_2790,77,189
BRIDGE_HOR_2791,77,189
BRIDGE_HOR_2824,75,249
BRIDGE_HOR_2825,75,249
BRIDGE_HOR_4261,77,343
BRIDGE_HOR_2502,77,343
BRIDGE_HOR_2770,77,232
BRIDGE_HOR_2772,77,343
BRIDGE_HOR_2773,77,343
BRIDGE_HOR_2796,75,317
BRIDGE_HOR_2797,75,317
BRIDGE_HOR_2798,75,317
BRIDGE_HOR_2799,77,343
BRIDGE_HOR_2800,77,343
BRIDGE_HOR_2814,77,232
BRIDGE_HOR_2815,77,232
BRIDGE_HOR_2816,77,232
BRIDGE_HOR_2817,77,232
BRIDGE_HOR_2818,77,232
BRIDGE_HOR_2819,77,232
BRIDGE_HOR_2820,77,232
BRIDGE_HOR_2821,77,232
BRIDGE_HOR_2822,77,232
BRIDGE_HOR_2823,77,232
BRIDGE_HOR_2827,75,296
BRIDGE_HOR_2828,75,296
BRIDGE_HOR_2829,75,296
BRIDGE_HOR_2830,75,296
BRIDGE_HOR_2831,75,296
BRIDGE_HOR_2832,75,296
BRIDGE_HOR_2833,75,296
BRIDGE_HOR_2834,75,296
BRIDGE_HOR_2837,77,343
BRIDGE_HOR_2838,77,343
BRIDGE_HOR_2839,77,343
BRIDGE_HOR_2881,75,296
BRIDGE_HOR_4262,77,269
BRIDGE_HOR_4264,76,256
BRIDGE_HOR_2768,78,320
BRIDGE_HOR_2788,78,320
BRIDGE_HOR_2789,76,256
BRIDGE_HOR_2794,78,320
BRIDGE_HOR_2795,76,256
BRIDGE_HOR_2857,72,242
BRIDGE_HOR_2858,72,242
BRIDGE_HOR_3908,78,195
BRIDGE_HOR_4263,78,238
BRIDGE_HOR_2792,78,238
BRIDGE_HOR_2793,78,238
BRIDGE_HOR_2803,78,249
BRIDGE_HOR_2804,78,249
BRIDGE_HOR_2807,78,249
BRIDGE_HOR_2808,78,195
BRIDGE_HOR_2810,78,195
BRIDGE_HOR_2811,78,195
BRIDGE_HOR_3298,78,249
BRIDGE_HOR_2785,76,191
BRIDGE_HOR_2786,76,191
BRIDGE_HOR_2787,NA,NA
BRIDGE_HOR_2801,76,191
BRIDGE_HOR_2805,76,152
BRIDGE_HOR_2806,77,175
BRIDGE_HOR_2812,NA,NA
BRIDGE_HOR_2813,76,191
BRIDGE_HOR_2859,NA,NA
BRIDGE_HOR_2872,76,191
BRIDGE_HOR_2873,76,191
BRIDGE_HOR_2874,76,191
BRIDGE_HOR_2880,77,185
BRIDGE_HOR_2870,78,193
BRIDGE_HOR_2871,78,193
BRIDGE_BCC_165,81,101
BRIDGE_BCC_163,82,73
BRIDGE_BCC_1494,NA,NA
BRIDGE_BCC_61,81,159
BRIDGE_HOR_2782,77,201
BRIDGE_HOR_2784,77,201
BRIDGE_HOR_2860,77,198
BRIDGE_HOR_2862,77,198
BRIDGE_HOR_2863,77,198
BRIDGE_HOR_2864,77,198
BRIDGE_HOR_2865,77,198
BRIDGE_HOR_2866,77,198
BRIDGE_HOR_2867,77,201
BRIDGE_HOR_2868,77,201
BRIDGE_BCC_65,78,152
BTR_FT523,NA,NA
BRIDGE_BCC_178,79,232
BTR_FT554,77,188
BRIDGE_HOR_7700,73,216
BRIDGE_HOR_7701,71,216
BRIDGE_HOR_7702,70,210
BRIDGE_HOR_7703,75,172
BRIDGE_HOR_7695,75,223
BRIDGE_BCC_175,65,270
BRIDGE_HOR_7696,75,222
BRIDGE_HOR_7699,75,234
BRIDGE_HOR_7698,75,225
BRIDGE_HOR_7697,73,230
BRIDGE_HOR_7588,70,284
BRIDGE_HOR_7589,70,284
BRIDGE_HOR_7591,70,227
BRIDGE_HOR_7594,73,257
BRIDGE_HOR_7564,68,278
BRIDGE_HOR_7585,72,214
BRIDGE_HOR_7586,73,228
BRIDGE_HOR_7583,73,185
BRIDGE_HOR_7562,68,235
BRIDGE_HOR_7563,68,235
BRIDGE_HOR_7627,70,240
BRIDGE_HOR_7628,70,240
BRIDGE_HOR_7629,70,240
BRIDGE_HOR_7559,73,173
BRIDGE_HOR_7560,73,173
BRIDGE_HOR_7571,74,255
BRIDGE_HOR_7572,74,255
BRIDGE_HOR_7581,74,193
BRIDGE_HOR_7566,75,235
BRIDGE_HOR_7567,75,235
BRIDGE_HOR_7569,75,219
BRIDGE_HOR_7568,74,258
BRIDGE_HOR_7576,75,201
BRIDGE_HOR_7601,71,264
BRIDGE_HOR_7578,74,193
BRIDGE_HOR_7579,74,193
BRIDGE_HOR_7580,73,172
BRIDGE_HOR_7598,75,176
BRIDGE_HOR_7599,75,176
BRIDGE_HOR_7545,65,262
BRIDGE_HOR_7602,75,148
BRIDGE_HOR_7603,75,148
BRIDGE_HOR_7706,65,262
BRIDGE_HOR_8466,65,262
BRIDGE_HOR_7605,74,165
BRIDGE_HOR_7556,73,180
BRIDGE_HOR_7625,73,216
BRIDGE_HOR_7626,73,216
BRIDGE_HOR_7606,76,171
BRIDGE_HOR_7550,74,273
BRIDGE_HOR_7620,65,335
BRIDGE_HOR_7621,65,335
BRIDGE_HOR_7546,74,205
BRIDGE_HOR_7547,74,205
BRIDGE_HOR_7630,77,199
BRIDGE_HOR_7548,75,205
BRIDGE_HOR_7549,75,205
BRIDGE_HOR_7624,71,222
BRIDGE_HOR_7608,71,254
BRIDGE_HOR_7609,71,254
BRIDGE_HOR_7610,69,274
BRIDGE_HOR_7611,69,274
BRIDGE_HOR_7622,66,274
BRIDGE_HOR_7623,66,274
BRIDGE_HOR_7553,76,227
BRIDGE_HOR_7555,76,227
BRIDGE_HOR_7551,74,226
BRIDGE_HOR_7710,74,226
BRIDGE_HOR_7618,68,252
BRIDGE_HOR_7619,68,252
BRIDGE_HOR_7552,73,216
BRIDGE_HOR_7615,71,314
BRIDGE_HOR_7616,71,314
BRIDGE_HOR_7617,71,314
BRIDGE_HOR_7612,69,308
BRIDGE_HOR_7631,72,242
BTR_FT520,NA,NA
BRIDGE_HOR_7633,74,222
BRIDGE_HOR_7634,74,222
BRIDGE_HOR_9799,71,247
BRIDGE_HOR_7636,75,242
BRIDGE_HOR_7637,75,242
BRIDGE_HOR_7639,72,250
BRIDGE_HOR_7675,73,258
BRIDGE_HOR_7676,73,258
BRIDGE_HOR_8467,72,250
BRIDGE_HOR_7643,73,255
Chinese_Genebank_ZDM01786,79,173
BRIDGE_HOR_7654,75,206
BRIDGE_HOR_7655,75,206
BRIDGE_HOR_7677,75,206
BRIDGE_HOR_7652,75,247
BRIDGE_HOR_7693,75,245
BRIDGE_HOR_7648,74,247
BRIDGE_HOR_7650,74,247
BRIDGE_HOR_7651,74,247
BRIDGE_HOR_7645,75,195
BRIDGE_HOR_7646,75,195
BRIDGE_HOR_7647,75,195
BRIDGE_HOR_9276,74,230
BRIDGE_HOR_7689,74,230
BRIDGE_HOR_7690,74,230
BRIDGE_HOR_7691,74,230
BRIDGE_HOR_7657,74,245
BRIDGE_HOR_7658,74,245
BRIDGE_HOR_7659,74,245
BRIDGE_HOR_7592,75,217
BRIDGE_HOR_7687,75,252
BRIDGE_HOR_7688,75,252
BRIDGE_HOR_7679,76,231
BRIDGE_HOR_7680,76,231
BRIDGE_HOR_7682,75,251
BRIDGE_HOR_7663,75,208
BRIDGE_HOR_7664,75,208
BRIDGE_HOR_7685,76,266
BRIDGE_HOR_7686,76,266
BRIDGE_HOR_7666,76,214
BRIDGE_HOR_7668,76,254
BRIDGE_HOR_7669,76,254
BRIDGE_HOR_7673,76,240
BRIDGE_HOR_7671,77,263
BRIDGE_HOR_7672,77,263
BRIDGE_HOR_7660,77,240
BRIDGE_HOR_7661,77,240
BRIDGE_HOR_7662,77,240
Chinese_Genebank_ZDM06048,76,307
Chinese_Genebank_ZDM01808,80,232
Chinese_Genebank_ZDM04908,73,245
BTR_FT561,62,206
Chinese_Genebank_ZDM01791,74,268
BRIDGE_HOR_11804,66,299
Chinese_Genebank_ZDM01778,79,183
Chinese_Genebank_ZDM01779,73,230
BRIDGE_BCC_748,59,279
Chinese_Genebank_ZDM04443,75,274
BRIDGE_HOR_10905,55,239
BRIDGE_HOR_8738,55,239
BRIDGE_HOR_8792,55,239
BRIDGE_HOR_8793,55,239
BRIDGE_HOR_8703,62,282
BRIDGE_HOR_8736,62,282
BRIDGE_HOR_8737,62,282
BRIDGE_HOR_8790,62,282
BRIDGE_HOR_8791,62,282
BRIDGE_HOR_8734,53,244
BRIDGE_HOR_8783,53,244
BRIDGE_HOR_8784,53,244
BRIDGE_HOR_8785,53,244
BRIDGE_HOR_8786,53,232
BRIDGE_HOR_8787,53,232
BRIDGE_HOR_8788,53,232
BRIDGE_HOR_8789,53,232
BRIDGE_HOR_8805,53,232
BRIDGE_HOR_8904,53,232
BRIDGE_HOR_7512,53,232
BRIDGE_HOR_8732,54,215
BRIDGE_HOR_8775,54,215
BRIDGE_HOR_8776,54,215
BRIDGE_HOR_8777,54,215
BRIDGE_HOR_8778,54,215
BRIDGE_HOR_8779,54,215
BRIDGE_HOR_15200,56,230
BRIDGE_HOR_15245,56,230
BRIDGE_HOR_15357,56,230
BRIDGE_HOR_8767,54,205
BRIDGE_HOR_8768,54,205
BRIDGE_HOR_8731,57,233
BRIDGE_HOR_8772,57,233
BRIDGE_HOR_8773,57,233
BRIDGE_HOR_8774,57,233
BRIDGE_HOR_8771,56,238
BRIDGE_HOR_8803,56,238
BRIDGE_HOR_8801,56,241
BRIDGE_HOR_8729,59,229
BRIDGE_HOR_8730,59,229
BRIDGE_HOR_8727,53,235
BRIDGE_HOR_8769,53,235
BRIDGE_HOR_8770,53,235
BRIDGE_HOR_8733,55,238
BRIDGE_HOR_8780,55,238
BRIDGE_HOR_8781,55,238
BRIDGE_HOR_8725,56,237
BRIDGE_HOR_8766,56,237
BRIDGE_HOR_15176,56,243
BRIDGE_HOR_15187,56,243
BRIDGE_HOR_21042,56,243
BRIDGE_HOR_8724,53,240
BRIDGE_HOR_8763,53,240
BRIDGE_HOR_8764,53,240
BRIDGE_HOR_8765,53,240
BRIDGE_HOR_8723,55,229
BRIDGE_HOR_8760,55,229
BRIDGE_HOR_8761,55,229
BRIDGE_HOR_8762,55,229
BRIDGE_HOR_8710,55,233
BRIDGE_HOR_8749,55,233
BRIDGE_HOR_8750,55,233
BRIDGE_HOR_8751,55,233
BRIDGE_HOR_8802,55,233
BRIDGE_HOR_8722,55,241
BRIDGE_HOR_8758,55,241
BRIDGE_HOR_14901,56,223
BRIDGE_HOR_8709,55,202
BRIDGE_HOR_8746,55,202
BRIDGE_HOR_8747,55,202
BRIDGE_HOR_8748,55,202
BRIDGE_HOR_8721,55,232
BRIDGE_HOR_8757,55,232
BRIDGE_HOR_14902,53,244
BRIDGE_HOR_8720,54,250
BRIDGE_HOR_8755,54,250
BRIDGE_HOR_8756,54,250
BRIDGE_HOR_8739,64,307
BRIDGE_HOR_8711,54,262
BRIDGE_HOR_8712,54,262
BRIDGE_HOR_8719,55,203
BRIDGE_HOR_14912,52,210
BRIDGE_HOR_21061,52,210
BRIDGE_HOR_8708,53,201
BRIDGE_HOR_8744,53,201
BRIDGE_HOR_8745,53,201
BRIDGE_HOR_8707,55,219
BRIDGE_HOR_8718,55,200
BRIDGE_HOR_8715,51,231
BRIDGE_HOR_8752,51,231
BRIDGE_HOR_8717,55,200
BRIDGE_HOR_8753,55,200
BRIDGE_HOR_8754,55,200
BRIDGE_HOR_8804,55,200
BRIDGE_HOR_8713,57,239
BRIDGE_HOR_15177,55,217
BRIDGE_HOR_21374,55,217
BRIDGE_HOR_8742,56,225
BRIDGE_HOR_8798,56,225
BRIDGE_HOR_8799,56,225
BRIDGE_HOR_8800,56,225
BRIDGE_HOR_8714,53,236
BRIDGE_HOR_14922,54,221
BRIDGE_HOR_21273,55,233
BRIDGE_HOR_8740,54,254
BRIDGE_HOR_8741,54,254
BRIDGE_HOR_8795,54,254
BRIDGE_HOR_8796,54,254
BRIDGE_HOR_8797,54,254
BRIDGE_HOR_8704,54,224
BRIDGE_HOR_8705,54,224
BRIDGE_HOR_8706,54,190
BRIDGE_HOR_8743,54,190
BRIDGE_HOR_1476,77,207
BRIDGE_HOR_1513,77,207
BRIDGE_HOR_1998,77,207
BRIDGE_HOR_1769,58,231
Chinese_Genebank_ZDM05777,77,114
Chinese_Genebank_ZDM07678,52,247
BRIDGE_HOR_1549,57,232
BRIDGE_HOR_1731,63,271
BRIDGE_HOR_11963,NA,NA
BRIDGE_HOR_11964,NA,NA
BRIDGE_HOR_1587,NA,NA
BRIDGE_HOR_1708,NA,NA
BRIDGE_HOR_1724,NA,NA
BRIDGE_HOR_1727,NA,NA
BRIDGE_HOR_1761,NA,NA
BRIDGE_HOR_1762,NA,NA
BRIDGE_HOR_1764,NA,NA
BRIDGE_HOR_1816,NA,NA
BRIDGE_HOR_1817,NA,NA
BRIDGE_HOR_1821,NA,NA
BRIDGE_HOR_1822,NA,NA
BRIDGE_HOR_2669,NA,NA
BRIDGE_HOR_1571,58,220
Chinese_Genebank_ZDM01780,81,202
Chinese_Genebank_ZDM07437,73,133
BRIDGE_HOR_1567,70,252
BRIDGE_HOR_1491,75,132
BRIDGE_HOR_1492,75,132
Chinese_Genebank_ZDM07766,77,131
BRIDGE_HOR_1570,75,138
BRIDGE_HOR_1743,75,138
BRIDGE_HOR_1478,75,138
BRIDGE_HOR_1534,75,138
BRIDGE_HOR_2503,75,138
BRIDGE_HOR_1514,75,122
BRIDGE_HOR_2663,75,122
BRIDGE_HOR_2670,75,122
BRIDGE_HOR_1569,70,148
BRIDGE_BCC_415,52,251
BRIDGE_HOR_1715,68,165
BRIDGE_HOR_1828,68,165
BRIDGE_HOR_1525,68,165
BRIDGE_HOR_1532,68,165
BRIDGE_HOR_1812,74,171
BRIDGE_HOR_1813,74,171
BRIDGE_HOR_1474,74,171
BRIDGE_HOR_1535,74,171
Chinese_Genebank_ZDM06636,77,123
Chinese_Genebank_ZDM06709,74,140
BRIDGE_HOR_1488,69,140
BRIDGE_HOR_1699,75,109
BRIDGE_HOR_1716,75,109
BRIDGE_HOR_1479,75,109
BRIDGE_BCC_408,52,259
BRIDGE_BCC_409,52,259
BRIDGE_HOR_1563,77,108
BRIDGE_HOR_1566,77,108
BRIDGE_HOR_1711,77,108
BRIDGE_HOR_1735,77,108
BRIDGE_HOR_1768,77,108
BRIDGE_HOR_1827,77,108
BRIDGE_HOR_1487,77,108
BRIDGE_HOR_1997,77,108
BRIDGE_HOR_2667,77,108
BRIDGE_HOR_1766,71,158
BRIDGE_HOR_2383,71,158
Chinese_Genebank_ZDM05605,70,157
Chinese_Genebank_ZDM06667,70,157
BRIDGE_HOR_11960,NA,NA
BRIDGE_HOR_1572,NA,NA
BRIDGE_HOR_1573,NA,NA
BRIDGE_HOR_1574,NA,NA
BRIDGE_HOR_1575,NA,NA
BRIDGE_HOR_1576,NA,NA
BRIDGE_HOR_1578,NA,NA
BRIDGE_HOR_1580,NA,NA
BRIDGE_HOR_1582,NA,NA
BRIDGE_HOR_1586,NA,NA
BRIDGE_HOR_1678,NA,NA
BRIDGE_HOR_1680,NA,NA
BRIDGE_HOR_1690,NA,NA
BRIDGE_HOR_1691,NA,NA
BRIDGE_HOR_1692,NA,NA
BRIDGE_HOR_1693,NA,NA
BRIDGE_HOR_1694,NA,NA
BRIDGE_HOR_1695,NA,NA
BRIDGE_HOR_1696,NA,NA
BRIDGE_HOR_1697,NA,NA
BRIDGE_HOR_1700,NA,NA
BRIDGE_HOR_1701,NA,NA
BRIDGE_HOR_1705,NA,NA
BRIDGE_HOR_1706,NA,NA
BRIDGE_HOR_1719,NA,NA
BRIDGE_HOR_1720,NA,NA
BRIDGE_HOR_1721,NA,NA
BRIDGE_HOR_1722,NA,NA
BRIDGE_HOR_1723,NA,NA
BRIDGE_HOR_1746,NA,NA
BRIDGE_HOR_1748,NA,NA
BRIDGE_HOR_1749,NA,NA
BRIDGE_HOR_1753,NA,NA
BRIDGE_HOR_1754,NA,NA
BRIDGE_HOR_1756,NA,NA
BRIDGE_HOR_1757,NA,NA
BRIDGE_HOR_1759,NA,NA
BRIDGE_HOR_1760,NA,NA
BRIDGE_HOR_1767,NA,NA
BRIDGE_HOR_1772,NA,NA
BRIDGE_HOR_1783,NA,NA
BRIDGE_HOR_1797,NA,NA
BRIDGE_HOR_1834,NA,NA
BRIDGE_HOR_1470,NA,NA
BRIDGE_HOR_1471,NA,NA
BRIDGE_HOR_1472,NA,NA
BRIDGE_HOR_1475,NA,NA
BRIDGE_HOR_1480,NA,NA
BRIDGE_HOR_1482,NA,NA
BRIDGE_HOR_1483,NA,NA
BRIDGE_HOR_1486,NA,NA
BRIDGE_HOR_1510,NA,NA
BRIDGE_HOR_1511,NA,NA
BRIDGE_HOR_1516,NA,NA
BRIDGE_HOR_1517,NA,NA
BRIDGE_HOR_1520,NA,NA
BRIDGE_HOR_1524,NA,NA
BRIDGE_HOR_1526,NA,NA
BRIDGE_HOR_1528,NA,NA
BRIDGE_HOR_1529,NA,NA
BRIDGE_HOR_1538,NA,NA
BRIDGE_HOR_1539,NA,NA
BRIDGE_HOR_1540,NA,NA
BRIDGE_HOR_1541,NA,NA
BRIDGE_HOR_1546,NA,NA
BRIDGE_HOR_1547,NA,NA
BRIDGE_HOR_1557,NA,NA
BRIDGE_HOR_1559,NA,NA
BRIDGE_HOR_1857,NA,NA
BRIDGE_HOR_1858,NA,NA
BRIDGE_HOR_1939,NA,NA
BRIDGE_HOR_1969,NA,NA
BRIDGE_HOR_1985,NA,NA
BRIDGE_HOR_3826,NA,NA
BRIDGE_HOR_3883,NA,NA
BRIDGE_HOR_2408,NA,NA
BRIDGE_HOR_2416,NA,NA
BRIDGE_HOR_2468,NA,NA
BRIDGE_HOR_2655,NA,NA
BRIDGE_HOR_2656,NA,NA
BRIDGE_HOR_2658,NA,NA
BRIDGE_HOR_2660,NA,NA
BRIDGE_HOR_2661,NA,NA
BRIDGE_HOR_2664,NA,NA
BRIDGE_HOR_2665,NA,NA
BRIDGE_HOR_2668,NA,NA
Chinese_Genebank_ZDM05540,75,139
Chinese_Genebank_ZDM06415,70,246
Chinese_Genebank_ZDM08398,67,169
BRIDGE_HOR_1584,68,203
BRIDGE_HOR_1681,68,203
BRIDGE_HOR_1717,68,203
BRIDGE_HOR_1832,68,203
BRIDGE_HOR_1536,68,203
BRIDGE_HOR_1545,68,203
BRIDGE_HOR_1986,68,203
BRIDGE_HOR_2323,68,203
BRIDGE_HOR_2485,68,203
BRIDGE_HOR_1585,72,187
BRIDGE_HOR_1745,NA,NA
BRIDGE_HOR_1837,NA,NA
BRIDGE_HOR_1496,NA,NA
BRIDGE_HOR_1498,77,114
Chinese_Genebank_ZDM04517,73,126
Chinese_Genebank_ZDM08400,75,169
Chinese_Genebank_ZDM04604,68,293
Chinese_Genebank_ZDM08394,68,293
Chinese_Genebank_ZDM08389,68,239
Chinese_Genebank_ZDM05925,67,267
Chinese_Genebank_ZDM06577,67,267
Chinese_Genebank_ZDM05649,64,265
Chinese_Genebank_ZDM04098,56,227
Chinese_Genebank_ZDM01454,77,221
Chinese_Genebank_ZDM03759,64,289
Chinese_Genebank_ZDM04050,55,194
Chinese_Genebank_ZDM07928,82,210
Chinese_Genebank_ZDM04058,59,243
Chinese_Genebank_ZDM08366,59,243
Chinese_Genebank_ZDM01606,75,264
Chinese_Genebank_ZDM03835,63,274
Chinese_Genebank_ZDM01605,80,176
Chinese_Genebank_ZDM01463,81,220
Chinese_Genebank_ZDM01506,77,204
Chinese_Genebank_ZDM01585,71,190
Chinese_Genebank_ZDM08796,60,261
Chinese_Genebank_ZDM08926,62,267
Chinese_Genebank_ZDM01704,72,290
Chinese_Genebank_ZDM03743,57,234
Chinese_Genebank_ZDM01690,82,185
Chinese_Genebank_ZDM01580,74,236
Chinese_Genebank_ZDM03873,60,326
Chinese_Genebank_ZDM07877,78,186
Chinese_Genebank_ZDM04001,64,183
Chinese_Genebank_ZDM05371,60,287
Chinese_Genebank_ZDM07887,77,253
Chinese_Genebank_ZDM07833,76,239
Chinese_Genebank_ZDM09178,62,255
Chinese_Genebank_ZDM07925,73,192
Chinese_Genebank_ZDM07869,82,166
Chinese_Genebank_ZDM03845,71,279
Chinese_Genebank_ZDM07923,75,237
Chinese_Genebank_ZDM09046,62,248
Chinese_Genebank_ZDM08860,70,302
Chinese_Genebank_ZDM08912,68,295
Chinese_Genebank_ZDM03906,58,239
Chinese_Genebank_ZDM08960,72,293
Chinese_Genebank_ZDM03813,62,303
Chinese_Genebank_ZDM03735,68,291
Chinese_Genebank_ZDM08978,57,258
Chinese_Genebank_ZDM03901,58,169
Chinese_Genebank_ZDM03885,60,184
Chinese_Genebank_ZDM09045,58,208
Chinese_Genebank_ZDM09020,54,176
Chinese_Genebank_ZDM08965,59,202
Chinese_Genebank_ZDM03699,71,231
Chinese_Genebank_ZDM03884,62,217
Chinese_Genebank_ZDM01431,82,163
Chinese_Genebank_ZDM07900,81,226
Chinese_Genebank_ZDM08983,58,196
Chinese_Genebank_ZDM00922,70,194
Chinese_Genebank_ZDM09047,64,238
Chinese_Genebank_ZDM05212,84,177
Chinese_Genebank_ZDM00976,68,240
Chinese_Genebank_ZDM00937,74,214
Chinese_Genebank_ZDM05209,84,198
Chinese_Genebank_ZDM03531,63,234
Chinese_Genebank_ZDM03483,57,238
Chinese_Genebank_ZDM00888,79,186
Chinese_Genebank_ZDM00891,81,226
Chinese_Genebank_ZDM01008,82,236
Chinese_Genebank_ZDM03532,60,251
Chinese_Genebank_ZDM01065,76,221
Chinese_Genebank_ZDM03669,58,182
Chinese_Genebank_ZDM01422,81,252
Chinese_Genebank_ZDM00985,61,201
Chinese_Genebank_ZDM03666,NA,NA
Chinese_Genebank_ZDM08679,61,206
Chinese_Genebank_ZDM08692,55,204
Chinese_Genebank_ZDM08482,61,214
Chinese_Genebank_ZDM03513,53,196
Chinese_Genebank_ZDM01420,86,197
Chinese_Genebank_ZDM01419,81,190
Chinese_Genebank_ZDM08883,83,195
Chinese_Genebank_ZDM08476,70,209
BTR_FT519,64,231
Chinese_Genebank_ZDM00761,76,239
Chinese_Genebank_ZDM00861,79,229
Chinese_Genebank_ZDM00873,78,278
Chinese_Genebank_ZDM01412,77,270
Chinese_Genebank_ZDM01411,73,180
Chinese_Genebank_ZDM00185,79,224
Chinese_Genebank_ZDM08414,80,185
BRIDGE_HOR_11564,NA,NA
Chinese_Genebank_ZDM00650,79,209
Chinese_Genebank_ZDM00878,73,213
Chinese_Genebank_ZDM01395,NA,NA
Chinese_Genebank_ZDM01614,NA,NA
Chinese_Genebank_ZDM03631,50,163
Chinese_Genebank_ZDM00793,83,203
BRIDGE_HOR_2351,NA,NA
BRIDGE_HOR_2352,NA,NA
BRIDGE_HOR_2353,NA,NA
BRIDGE_HOR_2354,NA,NA
BRIDGE_HOR_3299,NA,NA
BRIDGE_HOR_2375,58,183
Chinese_Genebank_ZDM00558,70,203
Chinese_Genebank_ZDM00020,77,254
Chinese_Genebank_ZDM00029,NA,NA
Chinese_Genebank_ZDM00040,80,256
Chinese_Genebank_ZDM00052,79,207
Chinese_Genebank_ZDM00049,81,242
Chinese_Genebank_ZDM00425,83,231
Chinese_Genebank_ZDM01888,63,188
Chinese_Genebank_ZDM03640,NA,NA
Chinese_Genebank_ZDM00228,79,208
Chinese_Genebank_ZDM05358,60,200
Chinese_Genebank_ZDM00037,79,212
BRIDGE_HOR_11574,79,237
BRIDGE_HOR_11575,79,237
Chinese_Genebank_ZDM05280,58,189
Chinese_Genebank_ZDM00413,78,176
Chinese_Genebank_ZDM03647,58,177
Chinese_Genebank_ZDM00008,76,241
Chinese_Genebank_ZDM00489,80,220
Chinese_Genebank_ZDM03643,NA,NA
Chinese_Genebank_ZDM00007,77,239
Chinese_Genebank_ZDM03619,53,166
Chinese_Genebank_ZDM05309,NA,NA
Chinese_Genebank_ZDM05307,78,196
Chinese_Genebank_ZDM03579,NA,NA
BRIDGE_HOR_2356,70,225
Chinese_Genebank_ZDM01856,79,253
Chinese_Genebank_ZDM01855,NA,NA
Chinese_Genebank_ZDM03598,NA,NA
Chinese_Genebank_ZDM00084,NA,NA
BRIDGE_HOR_11568,NA,NA
Chinese_Genebank_ZDM00012,NA,NA
Chinese_Genebank_ZDM05316,71,215
Chinese_Genebank_ZDM02329,80,225
Chinese_Genebank_ZDM05321,72,253
Chinese_Genebank_ZDM02246,75,201
Chinese_Genebank_ZDM02194,78,189
Chinese_Genebank_ZDM00424,73,237
Chinese_Genebank_ZDM03606,49,189
Chinese_Genebank_ZDM03590,NA,NA
Chinese_Genebank_ZDM03586,53,175
Chinese_Genebank_ZDM03593,61,181
Chinese_Genebank_ZDM01837,75,168
Chinese_Genebank_ZDM02234,64,186
Chinese_Genebank_ZDM03589,NA,NA
Chinese_Genebank_ZDM01952,73,181
Chinese_Genebank_ZDM03210,54,184
Chinese_Genebank_ZDM03607,54,213
Chinese_Genebank_ZDM03172,61,158
Chinese_Genebank_ZDM02926,52,230
Chinese_Genebank_ZDM05207,73,297
Chinese_Genebank_ZDM03307,54,186
Chinese_Genebank_ZDM02422,77,230
Chinese_Genebank_ZDM02297,NA,NA
Chinese_Genebank_ZDM03211,52,211
Chinese_Genebank_ZDM00457,NA,NA
Chinese_Genebank_ZDM01940,73,229
Chinese_Genebank_ZDM03609,56,231
Chinese_Genebank_ZDM03182,58,168
Chinese_Genebank_ZDM02015,NA,NA
Chinese_Genebank_ZDM02257,77,239
Chinese_Genebank_ZDM02894,56,236
BRIDGE_HOR_2363,NA,NA
Chinese_Genebank_ZDM02674,57,197
Chinese_Genebank_ZDM03068,68,182
Chinese_Genebank_ZDM00262,NA,NA
Chinese_Genebank_ZDM01928,74,211
Chinese_Genebank_ZDM03098,NA,NA
Chinese_Genebank_ZDM02510,69,200
Chinese_Genebank_ZDM02574,NA,NA
Chinese_Genebank_ZDM02946,56,220
Chinese_Genebank_ZDM02509,NA,NA
BRIDGE_HOR_2357,81,246
Chinese_Genebank_ZDM02953,NA,NA
Chinese_Genebank_ZDM03360,NA,NA
Chinese_Genebank_ZDM01340,80,243
BRIDGE_HOR_2355,74,284
Chinese_Genebank_ZDM01357,68,284
Chinese_Genebank_ZDM01467,72,268
Chinese_Genebank_ZDM05215,63,244
Chinese_Genebank_ZDM01223,79,268
Chinese_Genebank_ZDM01279,74,268
Chinese_Genebank_ZDM05217,59,246
BRIDGE_HOR_10589,60,179
BRIDGE_HOR_10860,60,179
Chinese_Genebank_ZDM01212,73,288
BTR_FT524,63,198
Chinese_Genebank_ZDM01159,67,308
Chinese_Genebank_ZDM01167,64,289
Chinese_Genebank_ZDM01283,62,303
BRIDGE_HOR_2376,59,266
Chinese_Genebank_ZDM01285,63,301
Chinese_Genebank_ZDM01187,59,228