,barley_cec
BRIDGE_HOR_12516,236
BRIDGE_HOR_12779,236
BRIDGE_HOR_12780,236
BRIDGE_BCC_1576,NA
BRIDGE_HOR_13419,200
BRIDGE_HOR_13418,200
BRIDGE_HOR_13420,203
BRIDGE_HOR_12820,NA
BRIDGE_HOR_13423,229
BRIDGE_HOR_13414,211
BRIDGE_HOR_13415,211
BRIDGE_HOR_13416,197
BRIDGE_HOR_13417,197
BRIDGE_HOR_13412,202
BRIDGE_HOR_13413,202
BRIDGE_BCC_137,183
BRIDGE_HOR_13425,220
BRIDGE_HOR_13424,239
BRIDGE_HOR_13447,239
BRIDGE_HOR_13436,199
BRIDGE_HOR_13437,199
BRIDGE_HOR_13427,226
BRIDGE_HOR_13428,226
BRIDGE_HOR_13429,226
BRIDGE_HOR_13430,226
BRIDGE_HOR_13431,226
BRIDGE_HOR_13432,226
BRIDGE_HOR_13433,226
BRIDGE_HOR_13434,226
BRIDGE_HOR_13426,232
BRIDGE_HOR_13438,232
BRIDGE_HOR_8841,189
BRIDGE_BCC_140,146
BRIDGE_HOR_8849,229
BRIDGE_HOR_8850,229
BRIDGE_BCC_152,283
BRIDGE_HOR_8851,254
BRIDGE_HOR_13443,254
BRIDGE_HOR_8848,251
BRIDGE_HOR_8846,202
BRIDGE_HOR_13442,237
BRIDGE_HOR_13446,246
BRIDGE_HOR_13444,252
BRIDGE_HOR_13445,252
BRIDGE_BCC_141,156
BRIDGE_HOR_13441,196
BRIDGE_HOR_8852,254
BRIDGE_HOR_13439,162
BRIDGE_HOR_13440,248
BRIDGE_HOR_12522,122
BRIDGE_HOR_12821,122
BRIDGE_BCC_162,208
BRIDGE_HOR_11644,NA
BRIDGE_HOR_13460,202
BRIDGE_HOR_13461,202
BRIDGE_HOR_11646,NA
BRIDGE_HOR_11665,NA
BRIDGE_HOR_12019,NA
BRIDGE_HOR_12045,NA
BRIDGE_HOR_12047,NA
BRIDGE_HOR_12048,NA
BRIDGE_HOR_12073,NA
BRIDGE_HOR_12316,NA
BRIDGE_HOR_12317,NA
BRIDGE_HOR_12318,NA
BRIDGE_HOR_12319,NA
BRIDGE_HOR_12320,NA
BRIDGE_HOR_12322,NA
BRIDGE_HOR_12323,NA
BRIDGE_HOR_12324,NA
BRIDGE_HOR_12325,NA
BRIDGE_HOR_12326,NA
BRIDGE_HOR_12331,NA
BRIDGE_HOR_12332,NA
BRIDGE_HOR_12334,NA
BRIDGE_BCC_134,129
BRIDGE_HOR_11645,291
BTR_FT521,254
BRIDGE_BCC_37,162
BRIDGE_HOR_13515,271
BRIDGE_HOR_13516,272
BRIDGE_BCC_49,176
BRIDGE_HOR_13519,267
BRIDGE_HOR_13520,NA
BRIDGE_HOR_13518,327
BRIDGE_BCC_46,178
BRIDGE_HOR_13521,262
BRIDGE_BCC_33,224
BRIDGE_HOR_13522,263
BRIDGE_HOR_13517,225
BRIDGE_HOR_11116,267
BRIDGE_HOR_11117,267
BRIDGE_HOR_11118,267
BRIDGE_HOR_11119,237
BRIDGE_HOR_11125,237
BRIDGE_HOR_12412,237
BTR_FT411,302
BRIDGE_HOR_11503,200
BRIDGE_HOR_11495,207
BRIDGE_HOR_11496,202
BRIDGE_HOR_11497,215
BRIDGE_HOR_11498,222
BRIDGE_HOR_13493,210
BRIDGE_HOR_13490,215
BRIDGE_HOR_11480,224
BRIDGE_HOR_11481,235
BRIDGE_HOR_11482,NA
BRIDGE_HOR_11483,216
BRIDGE_HOR_11484,197
BRIDGE_HOR_13462,224
BRIDGE_HOR_12831,NA
BRIDGE_HOR_11501,201
BRIDGE_HOR_11499,186
BRIDGE_HOR_11488,216
BRIDGE_HOR_11487,NA
BRIDGE_HOR_11491,220
BRIDGE_HOR_11504,220
BRIDGE_HOR_12711,220
BRIDGE_HOR_12712,220
BRIDGE_HOR_12795,220
BRIDGE_HOR_13466,220
BRIDGE_HOR_11490,216
BRIDGE_HOR_11485,NA
BRIDGE_HOR_11486,198
BRIDGE_HOR_11489,211
BRIDGE_HOR_11502,216
BRIDGE_HOR_12794,216
BRIDGE_HOR_11492,213
BRIDGE_HOR_11493,198
BRIDGE_HOR_12793,198
BRIDGE_HOR_11494,NA
BRIDGE_HOR_13494,NA
BRIDGE_HOR_94,313
BRIDGE_HOR_10367,290
BRIDGE_HOR_3964,NA
BRIDGE_HOR_11123,309
BRIDGE_HOR_11124,309
BRIDGE_HOR_12411,309
BRIDGE_HOR_12787,309
BRIDGE_HOR_13495_A,NA
BRIDGE_HOR_13496,NA
BRIDGE_HOR_22167,NA
BRIDGE_HOR_11006,274
BRIDGE_HOR_11005,305
BRIDGE_HOR_3968,300
BRIDGE_HOR_10949,264
BRIDGE_HOR_11003,279
BRIDGE_HOR_2348,389
BRIDGE_HOR_2346,336
BRIDGE_HOR_11004,297
BRIDGE_HOR_2404,298
BRIDGE_HOR_947,298
BRIDGE_HOR_11008,317
BRIDGE_HOR_91,343
BRIDGE_HOR_814,343
BRIDGE_HOR_12420,211
BRIDGE_HOR_10947,276
BRIDGE_HOR_10948,290
BRIDGE_HOR_11114,223
BRIDGE_HOR_12721,223
BRIDGE_HOR_11009,287
BRIDGE_HOR_10682,229
BRIDGE_HOR_10683,229
BRIDGE_HOR_10946,257
BRIDGE_HOR_11113,254
BRIDGE_HOR_11122,254
BRIDGE_HOR_93,339
BRIDGE_HOR_10554,NA
BRIDGE_HOR_10556,NA
BRIDGE_HOR_10557,NA
BRIDGE_HOR_10560,NA
BRIDGE_HOR_10671,NA
BRIDGE_BCC_112,198
BRIDGE_HOR_3959,327
BRIDGE_HOR_10943,295
BRIDGE_HOR_10944,295
BRIDGE_HOR_10555,229
BRIDGE_HOR_10670,229
BRIDGE_HOR_10772,229
BRIDGE_HOR_3954,435
BRIDGE_HOR_3777,331
BRIDGE_HOR_3960,331
BRIDGE_HOR_3949,307
BRIDGE_HOR_3956,283
BRIDGE_HOR_10937,308
BRIDGE_HOR_9857,316
BRIDGE_HOR_9858,316
BRIDGE_HOR_10939,272
BRIDGE_HOR_10940,272
BRIDGE_HOR_10941,272
BRIDGE_HOR_10942,272
BRIDGE_HOR_10992,272
BRIDGE_HOR_10945,241
BRIDGE_HOR_10950,241
BRIDGE_HOR_11107,241
BRIDGE_HOR_11108,241
BRIDGE_HOR_3950,354
BRIDGE_HOR_3961,314
BRIDGE_HOR_9848,337
BRIDGE_HOR_9850,337
BRIDGE_HOR_9851,337
BRIDGE_HOR_10936,295
BRIDGE_HOR_11012,295
BRIDGE_BCC_1590,295
BRIDGE_HOR_10553,211
BRIDGE_HOR_8702,202
BRIDGE_HOR_3951,357
BRIDGE_HOR_3957,336
BRIDGE_HOR_3958,356
BRIDGE_HOR_9855,401
BRIDGE_HOR_9856,401
BRIDGE_HOR_10552,218
BRIDGE_HOR_10638,218
BRIDGE_HOR_9712,263
BRIDGE_HOR_13488_A,NA
BRIDGE_HOR_22164,NA
BRIDGE_HOR_9711,271
BRIDGE_HOR_10630,313
BRIDGE_HOR_3953,274
BRIDGE_HOR_10094,317
BRIDGE_HOR_9852,317
BRIDGE_HOR_9853,317
BRIDGE_HOR_9854,317
BRIDGE_HOR_9256,244
BRIDGE_HOR_9265,244
BRIDGE_HOR_9462,244
BRIDGE_HOR_13487,221
BRIDGE_HOR_13486,236
BRIDGE_HOR_9264,239
BRIDGE_HOR_9308,239
BRIDGE_HOR_9309,239
BRIDGE_HOR_9257,278
BRIDGE_HOR_9267,278
BRIDGE_HOR_10411,254
BRIDGE_HOR_10412,254
BRIDGE_HOR_9268,254
BRIDGE_HOR_9269,254
BRIDGE_HOR_9273,267
BRIDGE_HOR_9310,254
BRIDGE_HOR_1999,NA
BRIDGE_HOR_4280,NA
BRIDGE_HOR_9258,262
BRIDGE_HOR_9270,262
BRIDGE_HOR_13158,304
BRIDGE_HOR_9274,241
BRIDGE_HOR_13159,276
BRIDGE_HOR_9704,268
BRIDGE_HOR_9705,268
BRIDGE_HOR_2285,218
BRIDGE_HOR_4579,218
BRIDGE_HOR_2000,NA
BRIDGE_HOR_2001,234
BRIDGE_HOR_2004,234
BRIDGE_HOR_9859,293
BRIDGE_HOR_10028,264
BRIDGE_HOR_10059,264
BRIDGE_HOR_11478,246
BRIDGE_HOR_10952,324
BRIDGE_HOR_11479,270
BRIDGE_HOR_12791,270
BRIDGE_HOR_9261,252
BRIDGE_HOR_10044,267
BRIDGE_HOR_12822,259
BRIDGE_HOR_12823,255
BRIDGE_HOR_13523,259
BRIDGE_HOR_13524,259
BRIDGE_HOR_10045,272
BRIDGE_HOR_10681,226
BRIDGE_HOR_9913,303
BRIDGE_HOR_9914,295
BRIDGE_HOR_10223,302
BRIDGE_HOR_9255,NA
BRIDGE_HOR_9911,284
BRIDGE_HOR_10225,247
BRIDGE_HOR_10221,240
BRIDGE_HOR_9262,239
BRIDGE_HOR_10226,247
BRIDGE_HOR_1669,234
BRIDGE_HOR_2003,236
BRIDGE_HOR_1670,265
BRIDGE_HOR_1671,265
BRIDGE_HOR_12824,269
BRIDGE_HOR_12825,241
BRIDGE_HOR_2002,232
BRIDGE_HOR_2009,243
BRIDGE_HOR_2010,243
BRIDGE_HOR_2011,243
BRIDGE_HOR_10229,242
BRIDGE_HOR_10230,242
BRIDGE_HOR_10364,248
BRIDGE_HOR_10365,248
BRIDGE_HOR_10474,248
BRIDGE_HOR_2005,238
BRIDGE_HOR_10825,272
BRIDGE_HOR_2392,249
BRIDGE_HOR_2486,249
BRIDGE_HOR_2008,252
BRIDGE_HOR_2007,234
BRIDGE_HOR_10234,225
BRIDGE_HOR_10827,280
BRIDGE_HOR_2006,NA
BRIDGE_HOR_11120,258
BRIDGE_HOR_7336,293
BRIDGE_HOR_7392,293
BRIDGE_HOR_9646,283
BRIDGE_HOR_9647,283
BRIDGE_HOR_9648,292
BRIDGE_HOR_9653,284
BRIDGE_HOR_9651,243
BRIDGE_HOR_9652,243
BRIDGE_HOR_9248,249
BRIDGE_HOR_7334,NA
BRIDGE_HOR_7335,NA
BRIDGE_HOR_10828,255
BRIDGE_HOR_10831,255
BRIDGE_HOR_9252,222
BRIDGE_HOR_9636,257
BRIDGE_HOR_9637,257
BRIDGE_HOR_9638,257
BRIDGE_HOR_9639,257
BRIDGE_HOR_9640,257
BRIDGE_HOR_9641,267
BRIDGE_HOR_9642,267
BRIDGE_HOR_9643,267
BRIDGE_HOR_9655,287
BRIDGE_HOR_9670,225
BRIDGE_HOR_9671,225
BRIDGE_HOR_9656,234
BRIDGE_HOR_9657,234
BRIDGE_HOR_9658,234
BRIDGE_HOR_9659,234
BRIDGE_HOR_9660,234
BRIDGE_HOR_9645,255
BRIDGE_HOR_9661,255
BRIDGE_HOR_9662,255
BRIDGE_HOR_9663,255
BRIDGE_HOR_9664,255
BRIDGE_HOR_9665,255
BRIDGE_HOR_9666,255
BRIDGE_HOR_9667,255
BRIDGE_HOR_9668,255
BRIDGE_HOR_9669,255
BRIDGE_HOR_8613,274
BRIDGE_HOR_9685,263
BRIDGE_HOR_9672,268
BRIDGE_HOR_9673,268
BRIDGE_HOR_9682,NA
BRIDGE_HOR_9683,NA
BRIDGE_HOR_9684,NA
BRIDGE_HOR_9674,268
BRIDGE_HOR_9675,268
BRIDGE_HOR_9676,268
BRIDGE_HOR_9677,268
BRIDGE_HOR_9678,268
BRIDGE_HOR_7383,274
BRIDGE_HOR_9681,242
BRIDGE_HOR_9679,254
BRIDGE_HOR_9680,254
BRIDGE_HOR_10829,215
BRIDGE_HOR_10830,215
BRIDGE_HOR_9692,267
BRIDGE_HOR_9693,267
BRIDGE_HOR_7384,273
BRIDGE_HOR_7385,273
BRIDGE_HOR_7386,273
BRIDGE_HOR_7387,273
BRIDGE_HOR_7388,273
BRIDGE_HOR_7438,273
BRIDGE_HOR_4944,273
BRIDGE_HOR_9694,251
BRIDGE_HOR_4945,325
BRIDGE_HOR_4946,325
BRIDGE_HOR_7279,325
BRIDGE_HOR_9686,284
BRIDGE_HOR_9687,284
BRIDGE_HOR_9688,284
BRIDGE_HOR_9689,284
BRIDGE_HOR_9690,284
BRIDGE_HOR_9691,284
BRIDGE_HOR_9700,291
BRIDGE_HOR_9696,282
BRIDGE_HOR_9697,282
BRIDGE_HOR_9698,282
BRIDGE_HOR_9699,282
BRIDGE_HOR_9695,282
BRIDGE_HOR_7337,294
BRIDGE_HOR_7338,294
BRIDGE_HOR_7339,294
BRIDGE_HOR_7340,294
BRIDGE_HOR_7341,294
BRIDGE_HOR_7342,294
BRIDGE_HOR_7343,294
BRIDGE_HOR_7379,305
BRIDGE_HOR_7380,305
BRIDGE_HOR_7381,305
BRIDGE_HOR_7376,307
BRIDGE_HOR_7377,307
BRIDGE_HOR_7378,307
BRIDGE_HOR_7436,307
BRIDGE_HOR_7437,307
BRIDGE_HOR_7346,334
BRIDGE_HOR_7373,379
BRIDGE_HOR_7374,379
BRIDGE_HOR_7375,379
BRIDGE_HOR_7369,349
BRIDGE_HOR_7347,310
BRIDGE_HOR_7372,286
BRIDGE_HOR_7349,261
BRIDGE_HOR_7370,291
BRIDGE_HOR_7371,291
BRIDGE_HOR_737,NA
BRIDGE_HOR_738,NA
BRIDGE_HOR_739,276
BRIDGE_HOR_7350,NA
BRIDGE_HOR_7351,NA
BRIDGE_HOR_7352,NA
BRIDGE_HOR_7353,NA
BRIDGE_HOR_7354,NA
BRIDGE_HOR_11312,250
BRIDGE_HOR_11313,250
BRIDGE_HOR_12805,250
BRIDGE_HOR_11315,268
BRIDGE_HOR_11314,236
BRIDGE_HOR_12782,236
BRIDGE_HOR_736,268
BRIDGE_HOR_7368,NA
BRIDGE_HOR_748,287
BRIDGE_HOR_740,278
BRIDGE_HOR_7355,265
BRIDGE_HOR_7356,268
BRIDGE_HOR_7357,268
BRIDGE_HOR_7358,268
BRIDGE_HOR_7359,268
BRIDGE_HOR_7390,268
BRIDGE_HOR_756,259
BRIDGE_HOR_13150,265
BRIDGE_HOR_13151,265
BRIDGE_HOR_1245,247
BRIDGE_HOR_987,247
BRIDGE_HOR_12402,292
BRIDGE_HOR_12798,292
BRIDGE_HOR_1269,284
BRIDGE_HOR_1270,284
BRIDGE_HOR_1286,250
BRIDGE_HOR_12403,268
BRIDGE_HOR_12799,268
BRIDGE_HOR_12413,293
BRIDGE_HOR_1267,276
BRIDGE_HOR_1268,276
BRIDGE_HOR_13152,285
BRIDGE_HOR_12415,297
BRIDGE_HOR_12416,303
BRIDGE_HOR_768,276
BRIDGE_HOR_2510,293
BRIDGE_HOR_743,293
BRIDGE_HOR_744,280
BRIDGE_HOR_8620,260
BRIDGE_HOR_8627,260
BRIDGE_HOR_8629,260
BRIDGE_HOR_8630,260
BRIDGE_HOR_8631,260
BRIDGE_HOR_8677,260
BRIDGE_HOR_8680,260
BRIDGE_HOR_1247,254
BRIDGE_HOR_991,254
BRIDGE_HOR_1386,289
BRIDGE_HOR_936,289
BRIDGE_HOR_745,295
BRIDGE_HOR_1387,260
BRIDGE_HOR_937,260
BRIDGE_HOR_8615,287
BRIDGE_HOR_1279,312
BRIDGE_HOR_1280,312
BRIDGE_HOR_746,282
BRIDGE_HOR_1278,270
BRIDGE_HOR_8684,259
BRIDGE_HOR_8657,283
BRIDGE_HOR_967,263
BRIDGE_HOR_7367,262
BRIDGE_HOR_7360,278
BRIDGE_HOR_7361,278
BRIDGE_HOR_989,265
BRIDGE_HOR_8655,284
BRIDGE_HOR_8656,284
BRIDGE_HOR_8660,284
BRIDGE_HOR_691,237
BRIDGE_HOR_692,237
BRIDGE_HOR_729,224
BRIDGE_HOR_8647,NA
BRIDGE_HOR_7362,268
BRIDGE_HOR_7363,268
BRIDGE_HOR_7364,268
BRIDGE_HOR_7365,268
BRIDGE_HOR_7366,268
BRIDGE_HOR_7391,268
BRIDGE_HOR_1244,232
BRIDGE_HOR_4402,232
BRIDGE_HOR_760,232
BRIDGE_HOR_986,232
BRIDGE_HOR_732,222
BRIDGE_HOR_8654,310
BRIDGE_HOR_8648,271
BRIDGE_HOR_8683,271
BRIDGE_HOR_753,277
BRIDGE_HOR_966,257
BRIDGE_HOR_988,257
BRIDGE_HOR_722,207
BRIDGE_HOR_731,225
BRIDGE_HOR_8650,258
BRIDGE_HOR_8651,258
BRIDGE_HOR_8652,258
BRIDGE_HOR_8649,290
BRIDGE_HOR_8653,291
BRIDGE_HOR_1236,236
BRIDGE_HOR_2278,236
BRIDGE_HOR_726,208
BRIDGE_HOR_1026,227
BRIDGE_HOR_1027,227
BRIDGE_HOR_1150,227
BRIDGE_HOR_1152,227
BRIDGE_HOR_1153,227
BRIDGE_HOR_1158,206
BRIDGE_HOR_1360,206
BRIDGE_HOR_1652,206
BRIDGE_HOR_1738,206
BRIDGE_HOR_1739,231
BRIDGE_HOR_6953,227
BRIDGE_HOR_6954,227
BRIDGE_HOR_719,231
BRIDGE_HOR_720,231
BRIDGE_HOR_727,206
BRIDGE_HOR_881,231
BRIDGE_HOR_725,228
BRIDGE_HOR_8645,285
BRIDGE_HOR_1020,236
BRIDGE_HOR_1033,236
BRIDGE_HOR_1156,236
BRIDGE_HOR_1164,236
BRIDGE_HOR_1380,236
BRIDGE_HOR_8646,297
BRIDGE_HOR_8644,286
BRIDGE_HOR_1010,202
BRIDGE_HOR_1022,202
BRIDGE_HOR_1023,202
BRIDGE_HOR_1145,202
BRIDGE_HOR_1146,202
BRIDGE_HOR_1147,202
BRIDGE_HOR_1239,202
BRIDGE_HOR_942,202
BRIDGE_HOR_1233,285
BRIDGE_HOR_728,227
BRIDGE_HOR_982,285
BRIDGE_HOR_1024,203
BRIDGE_HOR_1148,203
BRIDGE_HOR_1011,227
BRIDGE_HOR_1128,227
BRIDGE_HOR_849,227
BRIDGE_HOR_8624,262
BRIDGE_HOR_8679,262
BRIDGE_HOR_723,205
BRIDGE_HOR_724,205
BRIDGE_HOR_1382,216
BRIDGE_HOR_997,216
BRIDGE_HOR_8626,NA
BRIDGE_HOR_1029,195
BRIDGE_HOR_1159,195
BRIDGE_HOR_730,195
BRIDGE_HOR_848,217
BRIDGE_HOR_8638,250
BRIDGE_HOR_8639,250
BRIDGE_HOR_8640,250
BRIDGE_HOR_8641,250
BRIDGE_HOR_8642,250
BRIDGE_HOR_8643,250
BRIDGE_HOR_1160,201
BRIDGE_HOR_733,201
BRIDGE_HOR_1031,183
BRIDGE_HOR_1032,183
BRIDGE_HOR_1034,204
BRIDGE_HOR_1161,183
BRIDGE_HOR_1162,183
BRIDGE_HOR_1163,183
BRIDGE_HOR_1165,204
BRIDGE_HOR_734,183
BRIDGE_HOR_993,183
BRIDGE_HOR_8632,288
BRIDGE_HOR_8633,288
BRIDGE_HOR_8634,288
BRIDGE_HOR_8635,288
BRIDGE_HOR_8681,288
BRIDGE_HOR_8682,288
BRIDGE_HOR_8618,253
BRIDGE_HOR_8675,253
BRIDGE_HOR_1018,219
BRIDGE_HOR_1019,215
BRIDGE_HOR_1143,215
BRIDGE_HOR_1942,219
BRIDGE_HOR_717,219
BRIDGE_HOR_1016,191
BRIDGE_HOR_1039,191
BRIDGE_HOR_1141,191
BRIDGE_HOR_693,226
BRIDGE_HOR_694,224
BRIDGE_HOR_688,267
BRIDGE_HOR_689,267
BRIDGE_HOR_709,NA
BRIDGE_HOR_8676,289
BRIDGE_HOR_8678,289
BRIDGE_HOR_1012,214
BRIDGE_HOR_1014,208
BRIDGE_HOR_1015,208
BRIDGE_HOR_1035,207
BRIDGE_HOR_1140,208
BRIDGE_HOR_1166,207
BRIDGE_HOR_1167,207
BRIDGE_HOR_1168,207
BRIDGE_HOR_1659,207
BRIDGE_HOR_1383,207
BRIDGE_HOR_4404,207
BRIDGE_HOR_690,205
BRIDGE_HOR_880,208
BRIDGE_HOR_882,207
BRIDGE_HOR_943,207
BRIDGE_HOR_994,207
BRIDGE_HOR_701,217
BRIDGE_HOR_711,217
BRIDGE_HOR_712,217
BRIDGE_HOR_8636,261
BRIDGE_HOR_1017,229
BRIDGE_HOR_1040,229
BRIDGE_HOR_1142,229
BRIDGE_HOR_697,220
BRIDGE_HOR_698,220
BRIDGE_HOR_713,213
BRIDGE_HOR_714,213
BRIDGE_HOR_1169,182
BRIDGE_HOR_1170,182
BRIDGE_HOR_4417,182
BRIDGE_HOR_700,221
BRIDGE_HOR_944,182
BRIDGE_HOR_995,182
BRIDGE_HOR_996,182
BRIDGE_HOR_752,223
BRIDGE_HOR_8637,292
BRIDGE_HOR_710,229
BRIDGE_HOR_718,206
BRIDGE_HOR_1038,214
BRIDGE_HOR_1238,214
BRIDGE_HOR_686,214
BRIDGE_HOR_940,214
BRIDGE_HOR_1283,235
BRIDGE_HOR_1284,235
BRIDGE_HOR_1313,235
BRIDGE_HOR_1021,216
BRIDGE_HOR_1144,216
BRIDGE_HOR_1385,216
BRIDGE_HOR_684,203
BRIDGE_HOR_708,207
BRIDGE_HOR_941,216
BRIDGE_HOR_1253,203
BRIDGE_HOR_1384,203
BRIDGE_HOR_685,203
BRIDGE_HOR_707,228
BRIDGE_HOR_1258,206
BRIDGE_HOR_706,206
BRIDGE_HOR_1126,220
BRIDGE_HOR_1127,220
BRIDGE_HOR_983,238
BRIDGE_HOR_878,191
BRIDGE_HOR_1007,NA
BRIDGE_HOR_1235,NA
BRIDGE_HOR_847,201
BRIDGE_HOR_1013,217
BRIDGE_HOR_1138,217
BRIDGE_HOR_3884,217
BRIDGE_HOR_687,210
BRIDGE_HOR_3277,213
BRIDGE_HOR_3278,210
BRIDGE_HOR_679,210
BRIDGE_HOR_680,213
BRIDGE_HOR_678,216
BRIDGE_HOR_13449,250
BRIDGE_HOR_13450,250
BRIDGE_HOR_1137,219
BRIDGE_HOR_1943,219
BRIDGE_HOR_2281,219
BRIDGE_HOR_681,217
BRIDGE_HOR_1025,212
BRIDGE_HOR_1149,212
BRIDGE_HOR_13451,246
BRIDGE_HOR_763,221
BRIDGE_HOR_682,214
BRIDGE_HOR_761,230
BRIDGE_HOR_762,230
BRIDGE_HOR_1139,NA
BRIDGE_HOR_1651,NA
BRIDGE_HOR_13456,NA
BRIDGE_HOR_1379,226
BRIDGE_HOR_1737,219
BRIDGE_HOR_1773,219
BRIDGE_HOR_865,230
BRIDGE_HOR_1770,235
BRIDGE_HOR_1860,235
BRIDGE_HOR_862,248
BRIDGE_HOR_1172,NA
BRIDGE_HOR_1173,NA
BRIDGE_HOR_1240,NA
BRIDGE_HOR_1356,NA
BRIDGE_HOR_4403,NA
BRIDGE_HOR_864,221
BRIDGE_HOR_1131,241
BRIDGE_HOR_1995,241
BRIDGE_HOR_2674,241
BRIDGE_HOR_11319,NA
BRIDGE_HOR_860,243
BRIDGE_HOR_867,216
BRIDGE_HOR_868,216
BRIDGE_HOR_861,234
BRIDGE_HOR_866,215
BRIDGE_HOR_13455,256
BRIDGE_HOR_12833,214
BRIDGE_HOR_13454,234
BRIDGE_HOR_1122,236
BRIDGE_HOR_1125,236
BRIDGE_HOR_1134,236
BRIDGE_HOR_1135,236
BRIDGE_HOR_1241,236
BRIDGE_HOR_673,236
BRIDGE_HOR_674,236
BRIDGE_HOR_675,236
BRIDGE_HOR_876,236
BRIDGE_HOR_979,236
BRIDGE_HOR_676,217
BRIDGE_HOR_672,NA
BRIDGE_HOR_869,NA
BRIDGE_HOR_863,237
BRIDGE_HOR_1941,NA
BRIDGE_HOR_859,NA
BRIDGE_HOR_677,230
BRIDGE_HOR_13457,270
BRIDGE_HOR_858,NA
BRIDGE_HOR_1378,235
BRIDGE_HOR_856,235
BRIDGE_HOR_980,235
BRIDGE_HOR_671,212
BRIDGE_HOR_857,212
BRIDGE_HOR_13453,300
BRIDGE_HOR_855,226
BRIDGE_HOR_853,224
BRIDGE_HOR_1130,251
BRIDGE_HOR_850,NA
BRIDGE_HOR_851,NA
BRIDGE_HOR_852,NA
BRIDGE_HOR_1255,NA
BRIDGE_HOR_1257,237
BRIDGE_HOR_846,233
BRIDGE_HOR_1129,NA
BRIDGE_HOR_854,242
BRIDGE_HOR_670,225
BRIDGE_HOR_1256,251
BRIDGE_HOR_13458,287
BRIDGE_BCC_223,NA
BRIDGE_HOR_13452,NA
BRIDGE_BCC_236,243
BRIDGE_BCC_55,189
BRIDGE_BCC_31,249
BRIDGE_BCC_50,176
BRIDGE_HOR_20121,NA
BRIDGE_HOR_20135,NA
BRIDGE_HOR_8536,NA
BTR_FT226,NA
BTR_FT553,NA
BRIDGE_HOR_18466,183
BRIDGE_BCC_100,362
BRIDGE_HOR_13792,350
BRIDGE_HOR_18480,296
BRIDGE_HOR_18484,350
BTR_FT549,NA
BRIDGE_HOR_13795,351
BRIDGE_HOR_20145,351
BRIDGE_BCC_98,NA
BRIDGE_BCC_253,201
BRIDGE_BCC_110,240
BRIDGE_BCC_203,247
BRIDGE_BCC_102,258
BRIDGE_BCC_107,221
BRIDGE_HOR_14097,231
BRIDGE_HOR_14098,NA
BRIDGE_HOR_11439,NA
BRIDGE_HOR_11444,NA
BRIDGE_HOR_21542,253
BRIDGE_HOR_21716,253
BRIDGE_HOR_14101,290
BRIDGE_HOR_19814,233
BRIDGE_HOR_21547,272
BTR_FT525,NA
BRIDGE_HOR_20123,335
BRIDGE_HOR_20129,335
BRIDGE_HOR_21597,186
BRIDGE_HOR_21581,335
BRIDGE_BCC_244,NA
BRIDGE_HOR_13809,198
BRIDGE_HOR_18455,180
BRIDGE_HOR_18456,198
BRIDGE_HOR_18468,NA
BRIDGE_HOR_18472,180
BRIDGE_HOR_20122,NA
BRIDGE_HOR_14112,237
BRIDGE_HOR_21600,237
BRIDGE_HOR_21556,193
BRIDGE_HOR_21546,187
BRIDGE_HOR_21571,187
BRIDGE_BCC_189,199
BRIDGE_HOR_19788,199
BRIDGE_HOR_21559,212
BRIDGE_HOR_21560,212
BRIDGE_HOR_14121,268
BRIDGE_HOR_21553,268
BRIDGE_HOR_19786,151
BRIDGE_HOR_19789,298
BRIDGE_HOR_19818,298
BRIDGE_HOR_20155,276
BRIDGE_HOR_21570,276
BRIDGE_HOR_14108,303
BRIDGE_HOR_21582,303
BRIDGE_BCC_212,151
BTR_FT555,290
BRIDGE_HOR_9608,315
BRIDGE_HOR_9607,331
BRIDGE_HOR_10357,289
BRIDGE_HOR_9614,289
BRIDGE_HOR_9615,289
BRIDGE_HOR_9606,342
BRIDGE_HOR_9613,289
BRIDGE_HOR_9616,310
BRIDGE_HOR_9617,310
BRIDGE_HOR_9609,337
BRIDGE_HOR_9816,NA
BRIDGE_HOR_9610,356
BRIDGE_HOR_10889,238
BRIDGE_HOR_10887,243
BRIDGE_HOR_10989,243
BRIDGE_HOR_10358,306
BRIDGE_HOR_10359,306
BRIDGE_HOR_9621,306
BRIDGE_HOR_9867,306
BRIDGE_HOR_9868,306
BRIDGE_HOR_10360,319
BRIDGE_HOR_9622,319
BRIDGE_HOR_9623,319
BRIDGE_HOR_9624,319
BRIDGE_HOR_9625,319
BRIDGE_HOR_9869,319
BRIDGE_HOR_9870,319
BRIDGE_HOR_10361,319
BRIDGE_HOR_10464,319
BRIDGE_HOR_10465,319
BRIDGE_HOR_10466,319
BRIDGE_HOR_10467,319
BRIDGE_HOR_9626,319
BRIDGE_HOR_9628,319
BRIDGE_HOR_9629,319
BRIDGE_HOR_9871,319
BRIDGE_BCC_252,284
BRIDGE_HOR_9630,336
BRIDGE_HOR_10974,NA
BRIDGE_BCC_91,304
BRIDGE_HOR_10971,NA
BRIDGE_HOR_10546,260
BRIDGE_HOR_10972,NA
BRIDGE_HOR_10973,NA
BRIDGE_HOR_17837,211
BRIDGE_HOR_18848,239
BRIDGE_HOR_10970,265
BRIDGE_HOR_20183,257
BRIDGE_HOR_17774,NA
BRIDGE_HOR_10885,223
BRIDGE_HOR_10886,223
BTR_FT414,NA
BTR_FT539,277
BRIDGE_HOR_10883,261
BRIDGE_HOR_10884,261
BRIDGE_HOR_7499,229
BRIDGE_HOR_10879,279
BRIDGE_HOR_10880,279
BRIDGE_HOR_10881,NA
BRIDGE_HOR_10882,NA
BRIDGE_BCC_89,146
BRIDGE_HOR_10878,257
BRIDGE_BCC_87,297
BRIDGE_HOR_10705,313
BRIDGE_BCC_96,154
BRIDGE_HOR_10590,NA
BRIDGE_HOR_4265,198
BRIDGE_HOR_8480,NA
BRIDGE_HOR_8273,263
BRIDGE_HOR_8274,263
BRIDGE_HOR_10591,238
BRIDGE_HOR_10648,325
BRIDGE_HOR_10647,325
BRIDGE_HOR_10646,301
BRIDGE_HOR_10644,314
BRIDGE_HOR_10645,314
BRIDGE_HOR_10643,283
BRIDGE_HOR_10775,306
BRIDGE_HOR_10641,265
BRIDGE_HOR_10742,265
BRIDGE_HOR_10777,274
BRIDGE_HOR_10820,NA
BRIDGE_HOR_10821,NA
BRIDGE_HOR_10822,NA
BRIDGE_HOR_10640,250
BRIDGE_HOR_10642,267
BRIDGE_HOR_10819,NA
BRIDGE_HOR_10824,216
BRIDGE_HOR_10823,228
BRIDGE_HOR_10758,272
BRIDGE_HOR_10894,272
BRIDGE_HOR_10746,290
BRIDGE_HOR_10747,290
BRIDGE_HOR_10748,290
BRIDGE_HOR_10749,290
BRIDGE_HOR_10750,233
BRIDGE_HOR_10751,233
BRIDGE_HOR_10754,280
BRIDGE_HOR_10892,247
BRIDGE_HOR_10895,247
BRIDGE_HOR_10969,260
BRIDGE_HOR_11197,260
BRIDGE_BCC_67,NA
BRIDGE_BCC_185,NA
BRIDGE_BCC_28,225
BRIDGE_HOR_2841,215
BRIDGE_HOR_2842,215
BRIDGE_HOR_2843,215
BRIDGE_HOR_2844,215
BRIDGE_HOR_2845,215
BRIDGE_HOR_2846,215
BRIDGE_HOR_2847,215
BRIDGE_HOR_2848,215
BRIDGE_HOR_2849,215
BRIDGE_HOR_2850,215
BRIDGE_HOR_2851,219
BRIDGE_HOR_2852,219
BRIDGE_HOR_2853,219
BRIDGE_HOR_2854,219
BRIDGE_HOR_2855,219
BRIDGE_HOR_2856,219
BRIDGE_BCC_82,269
BRIDGE_HOR_3520,249
BRIDGE_HOR_2771,249
BRIDGE_HOR_2774,189
BRIDGE_HOR_2775,189
BRIDGE_HOR_2776,189
BRIDGE_HOR_2777,189
BRIDGE_HOR_2779,189
BRIDGE_HOR_2780,189
BRIDGE_HOR_2781,189
BRIDGE_HOR_2790,189
BRIDGE_HOR_2791,189
BRIDGE_HOR_2824,249
BRIDGE_HOR_2825,249
BRIDGE_HOR_4261,343
BRIDGE_HOR_2502,343
BRIDGE_HOR_2770,232
BRIDGE_HOR_2772,343
BRIDGE_HOR_2773,343
BRIDGE_HOR_2796,317
BRIDGE_HOR_2797,317
BRIDGE_HOR_2798,317
BRIDGE_HOR_2799,343
BRIDGE_HOR_2800,343
BRIDGE_HOR_2814,232
BRIDGE_HOR_2815,232
BRIDGE_HOR_2816,232
BRIDGE_HOR_2817,232
BRIDGE_HOR_2818,232
BRIDGE_HOR_2819,232
BRIDGE_HOR_2820,232
BRIDGE_HOR_2821,232
BRIDGE_HOR_2822,232
BRIDGE_HOR_2823,232
BRIDGE_HOR_2827,296
BRIDGE_HOR_2828,296
BRIDGE_HOR_2829,296
BRIDGE_HOR_2830,296
BRIDGE_HOR_2831,296
BRIDGE_HOR_2832,296
BRIDGE_HOR_2833,296
BRIDGE_HOR_2834,296
BRIDGE_HOR_2837,343
BRIDGE_HOR_2838,343
BRIDGE_HOR_2839,343
BRIDGE_HOR_2881,296
BRIDGE_HOR_4262,269
BRIDGE_HOR_4264,256
BRIDGE_HOR_2768,320
BRIDGE_HOR_2788,320
BRIDGE_HOR_2789,256
BRIDGE_HOR_2794,320
BRIDGE_HOR_2795,256
BRIDGE_HOR_2857,242
BRIDGE_HOR_2858,242
BRIDGE_HOR_3908,195
BRIDGE_HOR_4263,238
BRIDGE_HOR_2792,238
BRIDGE_HOR_2793,238
BRIDGE_HOR_2803,249
BRIDGE_HOR_2804,249
BRIDGE_HOR_2807,249
BRIDGE_HOR_2808,195
BRIDGE_HOR_2810,195
BRIDGE_HOR_2811,195
BRIDGE_HOR_3298,249
BRIDGE_HOR_2785,191
BRIDGE_HOR_2786,191
BRIDGE_HOR_2787,NA
BRIDGE_HOR_2801,191
BRIDGE_HOR_2805,152
BRIDGE_HOR_2806,175
BRIDGE_HOR_2812,NA
BRIDGE_HOR_2813,191
BRIDGE_HOR_2859,NA
BRIDGE_HOR_2872,191
BRIDGE_HOR_2873,191
BRIDGE_HOR_2874,191
BRIDGE_HOR_2880,185
BRIDGE_HOR_2870,193
BRIDGE_HOR_2871,193
BRIDGE_BCC_165,101
BRIDGE_BCC_163,73
BRIDGE_BCC_1494,NA
BRIDGE_BCC_61,159
BRIDGE_HOR_2782,201
BRIDGE_HOR_2784,201
BRIDGE_HOR_2860,198
BRIDGE_HOR_2862,198
BRIDGE_HOR_2863,198
BRIDGE_HOR_2864,198
BRIDGE_HOR_2865,198
BRIDGE_HOR_2866,198
BRIDGE_HOR_2867,201
BRIDGE_HOR_2868,201
BRIDGE_BCC_65,152
BTR_FT523,NA
BRIDGE_BCC_178,232
BTR_FT554,188
BRIDGE_HOR_7700,216
BRIDGE_HOR_7701,216
BRIDGE_HOR_7702,210
BRIDGE_HOR_7703,172
BRIDGE_HOR_7695,223
BRIDGE_BCC_175,270
BRIDGE_HOR_7696,222
BRIDGE_HOR_7699,234
BRIDGE_HOR_7698,225
BRIDGE_HOR_7697,230
BRIDGE_HOR_7588,284
BRIDGE_HOR_7589,284
BRIDGE_HOR_7591,227
BRIDGE_HOR_7594,257
BRIDGE_HOR_7564,278
BRIDGE_HOR_7585,214
BRIDGE_HOR_7586,228
BRIDGE_HOR_7583,185
BRIDGE_HOR_7562,235
BRIDGE_HOR_7563,235
BRIDGE_HOR_7627,240
BRIDGE_HOR_7628,240
BRIDGE_HOR_7629,240
BRIDGE_HOR_7559,173
BRIDGE_HOR_7560,173
BRIDGE_HOR_7571,255
BRIDGE_HOR_7572,255
BRIDGE_HOR_7581,193
BRIDGE_HOR_7566,235
BRIDGE_HOR_7567,235
BRIDGE_HOR_7569,219
BRIDGE_HOR_7568,258
BRIDGE_HOR_7576,201
BRIDGE_HOR_7601,264
BRIDGE_HOR_7578,193
BRIDGE_HOR_7579,193
BRIDGE_HOR_7580,172
BRIDGE_HOR_7598,176
BRIDGE_HOR_7599,176
BRIDGE_HOR_7545,262
BRIDGE_HOR_7602,148
BRIDGE_HOR_7603,148
BRIDGE_HOR_7706,262
BRIDGE_HOR_8466,262
BRIDGE_HOR_7605,165
BRIDGE_HOR_7556,180
BRIDGE_HOR_7625,216
BRIDGE_HOR_7626,216
BRIDGE_HOR_7606,171
BRIDGE_HOR_7550,273
BRIDGE_HOR_7620,335
BRIDGE_HOR_7621,335
BRIDGE_HOR_7546,205
BRIDGE_HOR_7547,205
BRIDGE_HOR_7630,199
BRIDGE_HOR_7548,205
BRIDGE_HOR_7549,205
BRIDGE_HOR_7624,222
BRIDGE_HOR_7608,254
BRIDGE_HOR_7609,254
BRIDGE_HOR_7610,274
BRIDGE_HOR_7611,274
BRIDGE_HOR_7622,274
BRIDGE_HOR_7623,274
BRIDGE_HOR_7553,227
BRIDGE_HOR_7555,227
BRIDGE_HOR_7551,226
BRIDGE_HOR_7710,226
BRIDGE_HOR_7618,252
BRIDGE_HOR_7619,252
BRIDGE_HOR_7552,216
BRIDGE_HOR_7615,314
BRIDGE_HOR_7616,314
BRIDGE_HOR_7617,314
BRIDGE_HOR_7612,308
BRIDGE_HOR_7631,242
BTR_FT520,NA
BRIDGE_HOR_7633,222
BRIDGE_HOR_7634,222
BRIDGE_HOR_9799,247
BRIDGE_HOR_7636,242
BRIDGE_HOR_7637,242
BRIDGE_HOR_7639,250
BRIDGE_HOR_7675,258
BRIDGE_HOR_7676,258
BRIDGE_HOR_8467,250
BRIDGE_HOR_7643,255
Chinese_Genebank_ZDM01786,173
BRIDGE_HOR_7654,206
BRIDGE_HOR_7655,206
BRIDGE_HOR_7677,206
BRIDGE_HOR_7652,247
BRIDGE_HOR_7693,245
BRIDGE_HOR_7648,247
BRIDGE_HOR_7650,247
BRIDGE_HOR_7651,247
BRIDGE_HOR_7645,195
BRIDGE_HOR_7646,195
BRIDGE_HOR_7647,195
BRIDGE_HOR_9276,230
BRIDGE_HOR_7689,230
BRIDGE_HOR_7690,230
BRIDGE_HOR_7691,230
BRIDGE_HOR_7657,245
BRIDGE_HOR_7658,245
BRIDGE_HOR_7659,245
BRIDGE_HOR_7592,217
BRIDGE_HOR_7687,252
BRIDGE_HOR_7688,252
BRIDGE_HOR_7679,231
BRIDGE_HOR_7680,231
BRIDGE_HOR_7682,251
BRIDGE_HOR_7663,208
BRIDGE_HOR_7664,208
BRIDGE_HOR_7685,266
BRIDGE_HOR_7686,266
BRIDGE_HOR_7666,214
BRIDGE_HOR_7668,254
BRIDGE_HOR_7669,254
BRIDGE_HOR_7673,240
BRIDGE_HOR_7671,263
BRIDGE_HOR_7672,263
BRIDGE_HOR_7660,240
BRIDGE_HOR_7661,240
BRIDGE_HOR_7662,240
Chinese_Genebank_ZDM06048,307
Chinese_Genebank_ZDM01808,232
Chinese_Genebank_ZDM04908,245
BTR_FT561,206
Chinese_Genebank_ZDM01791,268
BRIDGE_HOR_11804,299
Chinese_Genebank_ZDM01778,183
Chinese_Genebank_ZDM01779,230
BRIDGE_BCC_748,279
Chinese_Genebank_ZDM04443,274
BRIDGE_HOR_10905,239
BRIDGE_HOR_8738,239
BRIDGE_HOR_8792,239
BRIDGE_HOR_8793,239
BRIDGE_HOR_8703,282
BRIDGE_HOR_8736,282
BRIDGE_HOR_8737,282
BRIDGE_HOR_8790,282
BRIDGE_HOR_8791,282
BRIDGE_HOR_8734,244
BRIDGE_HOR_8783,244
BRIDGE_HOR_8784,244
BRIDGE_HOR_8785,244
BRIDGE_HOR_8786,232
BRIDGE_HOR_8787,232
BRIDGE_HOR_8788,232
BRIDGE_HOR_8789,232
BRIDGE_HOR_8805,232
BRIDGE_HOR_8904,232
BRIDGE_HOR_7512,232
BRIDGE_HOR_8732,215
BRIDGE_HOR_8775,215
BRIDGE_HOR_8776,215
BRIDGE_HOR_8777,215
BRIDGE_HOR_8778,215
BRIDGE_HOR_8779,215
BRIDGE_HOR_15200,230
BRIDGE_HOR_15245,230
BRIDGE_HOR_15357,230
BRIDGE_HOR_8767,205
BRIDGE_HOR_8768,205
BRIDGE_HOR_8731,233
BRIDGE_HOR_8772,233
BRIDGE_HOR_8773,233
BRIDGE_HOR_8774,233
BRIDGE_HOR_8771,238
BRIDGE_HOR_8803,238
BRIDGE_HOR_8801,241
BRIDGE_HOR_8729,229
BRIDGE_HOR_8730,229
BRIDGE_HOR_8727,235
BRIDGE_HOR_8769,235
BRIDGE_HOR_8770,235
BRIDGE_HOR_8733,238
BRIDGE_HOR_8780,238
BRIDGE_HOR_8781,238
BRIDGE_HOR_8725,237
BRIDGE_HOR_8766,237
BRIDGE_HOR_15176,243
BRIDGE_HOR_15187,243
BRIDGE_HOR_21042,243
BRIDGE_HOR_8724,240
BRIDGE_HOR_8763,240
BRIDGE_HOR_8764,240
BRIDGE_HOR_8765,240
BRIDGE_HOR_8723,229
BRIDGE_HOR_8760,229
BRIDGE_HOR_8761,229
BRIDGE_HOR_8762,229
BRIDGE_HOR_8710,233
BRIDGE_HOR_8749,233
BRIDGE_HOR_8750,233
BRIDGE_HOR_8751,233
BRIDGE_HOR_8802,233
BRIDGE_HOR_8722,241
BRIDGE_HOR_8758,241
BRIDGE_HOR_14901,223
BRIDGE_HOR_8709,202
BRIDGE_HOR_8746,202
BRIDGE_HOR_8747,202
BRIDGE_HOR_8748,202
BRIDGE_HOR_8721,232
BRIDGE_HOR_8757,232
BRIDGE_HOR_14902,244
BRIDGE_HOR_8720,250
BRIDGE_HOR_8755,250
BRIDGE_HOR_8756,250
BRIDGE_HOR_8739,307
BRIDGE_HOR_8711,262
BRIDGE_HOR_8712,262
BRIDGE_HOR_8719,203
BRIDGE_HOR_14912,210
BRIDGE_HOR_21061,210
BRIDGE_HOR_8708,201
BRIDGE_HOR_8744,201
BRIDGE_HOR_8745,201
BRIDGE_HOR_8707,219
BRIDGE_HOR_8718,200
BRIDGE_HOR_8715,231
BRIDGE_HOR_8752,231
BRIDGE_HOR_8717,200
BRIDGE_HOR_8753,200
BRIDGE_HOR_8754,200
BRIDGE_HOR_8804,200
BRIDGE_HOR_8713,239
BRIDGE_HOR_15177,217
BRIDGE_HOR_21374,217
BRIDGE_HOR_8742,225
BRIDGE_HOR_8798,225
BRIDGE_HOR_8799,225
BRIDGE_HOR_8800,225
BRIDGE_HOR_8714,236
BRIDGE_HOR_14922,221
BRIDGE_HOR_21273,233
BRIDGE_HOR_8740,254
BRIDGE_HOR_8741,254
BRIDGE_HOR_8795,254
BRIDGE_HOR_8796,254
BRIDGE_HOR_8797,254
BRIDGE_HOR_8704,224
BRIDGE_HOR_8705,224
BRIDGE_HOR_8706,190
BRIDGE_HOR_8743,190
BRIDGE_HOR_1476,207
BRIDGE_HOR_1513,207
BRIDGE_HOR_1998,207
BRIDGE_HOR_1769,231
Chinese_Genebank_ZDM05777,114
Chinese_Genebank_ZDM07678,247
BRIDGE_HOR_1549,232
BRIDGE_HOR_1731,271
BRIDGE_HOR_11963,NA
BRIDGE_HOR_11964,NA
BRIDGE_HOR_1587,NA
BRIDGE_HOR_1708,NA
BRIDGE_HOR_1724,NA
BRIDGE_HOR_1727,NA
BRIDGE_HOR_1761,NA
BRIDGE_HOR_1762,NA
BRIDGE_HOR_1764,NA
BRIDGE_HOR_1816,NA
BRIDGE_HOR_1817,NA
BRIDGE_HOR_1821,NA
BRIDGE_HOR_1822,NA
BRIDGE_HOR_2669,NA
BRIDGE_HOR_1571,220
Chinese_Genebank_ZDM01780,202
Chinese_Genebank_ZDM07437,133
BRIDGE_HOR_1567,252
BRIDGE_HOR_1491,132
BRIDGE_HOR_1492,132
Chinese_Genebank_ZDM07766,131
BRIDGE_HOR_1570,138
BRIDGE_HOR_1743,138
BRIDGE_HOR_1478,138
BRIDGE_HOR_1534,138
BRIDGE_HOR_2503,138
BRIDGE_HOR_1514,122
BRIDGE_HOR_2663,122
BRIDGE_HOR_2670,122
BRIDGE_HOR_1569,148
BRIDGE_BCC_415,251
BRIDGE_HOR_1715,165
BRIDGE_HOR_1828,165
BRIDGE_HOR_1525,165
BRIDGE_HOR_1532,165
BRIDGE_HOR_1812,171
BRIDGE_HOR_1813,171
BRIDGE_HOR_1474,171
BRIDGE_HOR_1535,171
Chinese_Genebank_ZDM06636,123
Chinese_Genebank_ZDM06709,140
BRIDGE_HOR_1488,140
BRIDGE_HOR_1699,109
BRIDGE_HOR_1716,109
BRIDGE_HOR_1479,109
BRIDGE_BCC_408,259
BRIDGE_BCC_409,259
BRIDGE_HOR_1563,108
BRIDGE_HOR_1566,108
BRIDGE_HOR_1711,108
BRIDGE_HOR_1735,108
BRIDGE_HOR_1768,108
BRIDGE_HOR_1827,108
BRIDGE_HOR_1487,108
BRIDGE_HOR_1997,108
BRIDGE_HOR_2667,108
BRIDGE_HOR_1766,158
BRIDGE_HOR_2383,158
Chinese_Genebank_ZDM05605,157
Chinese_Genebank_ZDM06667,157
BRIDGE_HOR_11960,NA
BRIDGE_HOR_1572,NA
BRIDGE_HOR_1573,NA
BRIDGE_HOR_1574,NA
BRIDGE_HOR_1575,NA
BRIDGE_HOR_1576,NA
BRIDGE_HOR_1578,NA
BRIDGE_HOR_1580,NA
BRIDGE_HOR_1582,NA
BRIDGE_HOR_1586,NA
BRIDGE_HOR_1678,NA
BRIDGE_HOR_1680,NA
BRIDGE_HOR_1690,NA
BRIDGE_HOR_1691,NA
BRIDGE_HOR_1692,NA
BRIDGE_HOR_1693,NA
BRIDGE_HOR_1694,NA
BRIDGE_HOR_1695,NA
BRIDGE_HOR_1696,NA
BRIDGE_HOR_1697,NA
BRIDGE_HOR_1700,NA
BRIDGE_HOR_1701,NA
BRIDGE_HOR_1705,NA
BRIDGE_HOR_1706,NA
BRIDGE_HOR_1719,NA
BRIDGE_HOR_1720,NA
BRIDGE_HOR_1721,NA
BRIDGE_HOR_1722,NA
BRIDGE_HOR_1723,NA
BRIDGE_HOR_1746,NA
BRIDGE_HOR_1748,NA
BRIDGE_HOR_1749,NA
BRIDGE_HOR_1753,NA
BRIDGE_HOR_1754,NA
BRIDGE_HOR_1756,NA
BRIDGE_HOR_1757,NA
BRIDGE_HOR_1759,NA
BRIDGE_HOR_1760,NA
BRIDGE_HOR_1767,NA
BRIDGE_HOR_1772,NA
BRIDGE_HOR_1783,NA
BRIDGE_HOR_1797,NA
BRIDGE_HOR_1834,NA
BRIDGE_HOR_1470,NA
BRIDGE_HOR_1471,NA
BRIDGE_HOR_1472,NA
BRIDGE_HOR_1475,NA
BRIDGE_HOR_1480,NA
BRIDGE_HOR_1482,NA
BRIDGE_HOR_1483,NA
BRIDGE_HOR_1486,NA
BRIDGE_HOR_1510,NA
BRIDGE_HOR_1511,NA
BRIDGE_HOR_1516,NA
BRIDGE_HOR_1517,NA
BRIDGE_HOR_1520,NA
BRIDGE_HOR_1524,NA
BRIDGE_HOR_1526,NA
BRIDGE_HOR_1528,NA
BRIDGE_HOR_1529,NA
BRIDGE_HOR_1538,NA
BRIDGE_HOR_1539,NA
BRIDGE_HOR_1540,NA
BRIDGE_HOR_1541,NA
BRIDGE_HOR_1546,NA
BRIDGE_HOR_1547,NA
BRIDGE_HOR_1557,NA
BRIDGE_HOR_1559,NA
BRIDGE_HOR_1857,NA
BRIDGE_HOR_1858,NA
BRIDGE_HOR_1939,NA
BRIDGE_HOR_1969,NA
BRIDGE_HOR_1985,NA
BRIDGE_HOR_3826,NA
BRIDGE_HOR_3883,NA
BRIDGE_HOR_2408,NA
BRIDGE_HOR_2416,NA
BRIDGE_HOR_2468,NA
BRIDGE_HOR_2655,NA
BRIDGE_HOR_2656,NA
BRIDGE_HOR_2658,NA
BRIDGE_HOR_2660,NA
BRIDGE_HOR_2661,NA
BRIDGE_HOR_2664,NA
BRIDGE_HOR_2665,NA
BRIDGE_HOR_2668,NA
Chinese_Genebank_ZDM05540,139
Chinese_Genebank_ZDM06415,246
Chinese_Genebank_ZDM08398,169
BRIDGE_HOR_1584,203
BRIDGE_HOR_1681,203
BRIDGE_HOR_1717,203
BRIDGE_HOR_1832,203
BRIDGE_HOR_1536,203
BRIDGE_HOR_1545,203
BRIDGE_HOR_1986,203
BRIDGE_HOR_2323,203
BRIDGE_HOR_2485,203
BRIDGE_HOR_1585,187
BRIDGE_HOR_1745,NA
BRIDGE_HOR_1837,NA
BRIDGE_HOR_1496,NA
BRIDGE_HOR_1498,114
Chinese_Genebank_ZDM04517,126
Chinese_Genebank_ZDM08400,169
Chinese_Genebank_ZDM04604,293
Chinese_Genebank_ZDM08394,293
Chinese_Genebank_ZDM08389,239
Chinese_Genebank_ZDM05925,267
Chinese_Genebank_ZDM06577,267
Chinese_Genebank_ZDM05649,265
Chinese_Genebank_ZDM04098,227
Chinese_Genebank_ZDM01454,221
Chinese_Genebank_ZDM03759,289
Chinese_Genebank_ZDM04050,194
Chinese_Genebank_ZDM07928,210
Chinese_Genebank_ZDM04058,243
Chinese_Genebank_ZDM08366,243
Chinese_Genebank_ZDM01606,264
Chinese_Genebank_ZDM03835,274
Chinese_Genebank_ZDM01605,176
Chinese_Genebank_ZDM01463,220
Chinese_Genebank_ZDM01506,204
Chinese_Genebank_ZDM01585,190
Chinese_Genebank_ZDM08796,261
Chinese_Genebank_ZDM08926,267
Chinese_Genebank_ZDM01704,290
Chinese_Genebank_ZDM03743,234
Chinese_Genebank_ZDM01690,185
Chinese_Genebank_ZDM01580,236
Chinese_Genebank_ZDM03873,326
Chinese_Genebank_ZDM07877,186
Chinese_Genebank_ZDM04001,183
Chinese_Genebank_ZDM05371,287
Chinese_Genebank_ZDM07887,253
Chinese_Genebank_ZDM07833,239
Chinese_Genebank_ZDM09178,255
Chinese_Genebank_ZDM07925,192
Chinese_Genebank_ZDM07869,166
Chinese_Genebank_ZDM03845,279
Chinese_Genebank_ZDM07923,237
Chinese_Genebank_ZDM09046,248
Chinese_Genebank_ZDM08860,302
Chinese_Genebank_ZDM08912,295
Chinese_Genebank_ZDM03906,239
Chinese_Genebank_ZDM08960,293
Chinese_Genebank_ZDM03813,303
Chinese_Genebank_ZDM03735,291
Chinese_Genebank_ZDM08978,258
Chinese_Genebank_ZDM03901,169
Chinese_Genebank_ZDM03885,184
Chinese_Genebank_ZDM09045,208
Chinese_Genebank_ZDM09020,176
Chinese_Genebank_ZDM08965,202
Chinese_Genebank_ZDM03699,231
Chinese_Genebank_ZDM03884,217
Chinese_Genebank_ZDM01431,163
Chinese_Genebank_ZDM07900,226
Chinese_Genebank_ZDM08983,196
Chinese_Genebank_ZDM00922,194
Chinese_Genebank_ZDM09047,238
Chinese_Genebank_ZDM05212,177
Chinese_Genebank_ZDM00976,240
Chinese_Genebank_ZDM00937,214
Chinese_Genebank_ZDM05209,198
Chinese_Genebank_ZDM03531,234
Chinese_Genebank_ZDM03483,238
Chinese_Genebank_ZDM00888,186
Chinese_Genebank_ZDM00891,226
Chinese_Genebank_ZDM01008,236
Chinese_Genebank_ZDM03532,251
Chinese_Genebank_ZDM01065,221
Chinese_Genebank_ZDM03669,182
Chinese_Genebank_ZDM01422,252
Chinese_Genebank_ZDM00985,201
Chinese_Genebank_ZDM03666,NA
Chinese_Genebank_ZDM08679,206
Chinese_Genebank_ZDM08692,204
Chinese_Genebank_ZDM08482,214
Chinese_Genebank_ZDM03513,196
Chinese_Genebank_ZDM01420,197
Chinese_Genebank_ZDM01419,190
Chinese_Genebank_ZDM08883,195
Chinese_Genebank_ZDM08476,209
BTR_FT519,231
Chinese_Genebank_ZDM00761,239
Chinese_Genebank_ZDM00861,229
Chinese_Genebank_ZDM00873,278
Chinese_Genebank_ZDM01412,270
Chinese_Genebank_ZDM01411,180
Chinese_Genebank_ZDM00185,224
Chinese_Genebank_ZDM08414,185
BRIDGE_HOR_11564,NA
Chinese_Genebank_ZDM00650,209
Chinese_Genebank_ZDM00878,213
Chinese_Genebank_ZDM01395,NA
Chinese_Genebank_ZDM01614,NA
Chinese_Genebank_ZDM03631,163
Chinese_Genebank_ZDM00793,203
BRIDGE_HOR_2351,NA
BRIDGE_HOR_2352,NA
BRIDGE_HOR_2353,NA
BRIDGE_HOR_2354,NA
BRIDGE_HOR_3299,NA
BRIDGE_HOR_2375,183
Chinese_Genebank_ZDM00558,203
Chinese_Genebank_ZDM00020,254
Chinese_Genebank_ZDM00029,NA
Chinese_Genebank_ZDM00040,256
Chinese_Genebank_ZDM00052,207
Chinese_Genebank_ZDM00049,242
Chinese_Genebank_ZDM00425,231
Chinese_Genebank_ZDM01888,188
Chinese_Genebank_ZDM03640,NA
Chinese_Genebank_ZDM00228,208
Chinese_Genebank_ZDM05358,200
Chinese_Genebank_ZDM00037,212
BRIDGE_HOR_11574,237
BRIDGE_HOR_11575,237
Chinese_Genebank_ZDM05280,189
Chinese_Genebank_ZDM00413,176
Chinese_Genebank_ZDM03647,177
Chinese_Genebank_ZDM00008,241
Chinese_Genebank_ZDM00489,220
Chinese_Genebank_ZDM03643,NA
Chinese_Genebank_ZDM00007,239
Chinese_Genebank_ZDM03619,166
Chinese_Genebank_ZDM05309,NA
Chinese_Genebank_ZDM05307,196
Chinese_Genebank_ZDM03579,NA
BRIDGE_HOR_2356,225
Chinese_Genebank_ZDM01856,253
Chinese_Genebank_ZDM01855,NA
Chinese_Genebank_ZDM03598,NA
Chinese_Genebank_ZDM00084,NA
BRIDGE_HOR_11568,NA
Chinese_Genebank_ZDM00012,NA
Chinese_Genebank_ZDM05316,215
Chinese_Genebank_ZDM02329,225
Chinese_Genebank_ZDM05321,253
Chinese_Genebank_ZDM02246,201
Chinese_Genebank_ZDM02194,189
Chinese_Genebank_ZDM00424,237
Chinese_Genebank_ZDM03606,189
Chinese_Genebank_ZDM03590,NA
Chinese_Genebank_ZDM03586,175
Chinese_Genebank_ZDM03593,181
Chinese_Genebank_ZDM01837,168
Chinese_Genebank_ZDM02234,186
Chinese_Genebank_ZDM03589,NA
Chinese_Genebank_ZDM01952,181
Chinese_Genebank_ZDM03210,184
Chinese_Genebank_ZDM03607,213
Chinese_Genebank_ZDM03172,158
Chinese_Genebank_ZDM02926,230
Chinese_Genebank_ZDM05207,297
Chinese_Genebank_ZDM03307,186
Chinese_Genebank_ZDM02422,230
Chinese_Genebank_ZDM02297,NA
Chinese_Genebank_ZDM03211,211
Chinese_Genebank_ZDM00457,NA
Chinese_Genebank_ZDM01940,229
Chinese_Genebank_ZDM03609,231
Chinese_Genebank_ZDM03182,168
Chinese_Genebank_ZDM02015,NA
Chinese_Genebank_ZDM02257,239
Chinese_Genebank_ZDM02894,236
BRIDGE_HOR_2363,NA
Chinese_Genebank_ZDM02674,197
Chinese_Genebank_ZDM03068,182
Chinese_Genebank_ZDM00262,NA
Chinese_Genebank_ZDM01928,211
Chinese_Genebank_ZDM03098,NA
Chinese_Genebank_ZDM02510,200
Chinese_Genebank_ZDM02574,NA
Chinese_Genebank_ZDM02946,220
Chinese_Genebank_ZDM02509,NA
BRIDGE_HOR_2357,246
Chinese_Genebank_ZDM02953,NA
Chinese_Genebank_ZDM03360,NA
Chinese_Genebank_ZDM01340,243
BRIDGE_HOR_2355,284
Chinese_Genebank_ZDM01357,284
Chinese_Genebank_ZDM01467,268
Chinese_Genebank_ZDM05215,244
Chinese_Genebank_ZDM01223,268
Chinese_Genebank_ZDM01279,268
Chinese_Genebank_ZDM05217,246
BRIDGE_HOR_10589,179
BRIDGE_HOR_10860,179
Chinese_Genebank_ZDM01212,288
BTR_FT524,198
Chinese_Genebank_ZDM01159,308
Chinese_Genebank_ZDM01167,289
Chinese_Genebank_ZDM01283,303
BRIDGE_HOR_2376,266
Chinese_Genebank_ZDM01285,301
Chinese_Genebank_ZDM01187,228