,barley_soilN
BRIDGE_HOR_12516,509
BRIDGE_HOR_12779,509
BRIDGE_HOR_12780,509
BRIDGE_BCC_1576,NA
BRIDGE_HOR_13419,285
BRIDGE_HOR_13418,225
BRIDGE_HOR_13420,184
BRIDGE_HOR_12820,NA
BRIDGE_HOR_13423,184
BRIDGE_HOR_13414,234
BRIDGE_HOR_13415,234
BRIDGE_HOR_13416,293
BRIDGE_HOR_13417,293
BRIDGE_HOR_13412,127
BRIDGE_HOR_13413,127
BRIDGE_BCC_137,248
BRIDGE_HOR_13425,206
BRIDGE_HOR_13424,213
BRIDGE_HOR_13447,213
BRIDGE_HOR_13436,194
BRIDGE_HOR_13437,194
BRIDGE_HOR_13427,270
BRIDGE_HOR_13428,270
BRIDGE_HOR_13429,270
BRIDGE_HOR_13430,270
BRIDGE_HOR_13431,270
BRIDGE_HOR_13432,270
BRIDGE_HOR_13433,270
BRIDGE_HOR_13434,270
BRIDGE_HOR_13426,224
BRIDGE_HOR_13438,224
BRIDGE_HOR_8841,234
BRIDGE_BCC_140,57
BRIDGE_HOR_8849,307
BRIDGE_HOR_8850,307
BRIDGE_BCC_152,263
BRIDGE_HOR_8851,612
BRIDGE_HOR_13443,230
BRIDGE_HOR_8848,433
BRIDGE_HOR_8846,225
BRIDGE_HOR_13442,247
BRIDGE_HOR_13446,312
BRIDGE_HOR_13444,331
BRIDGE_HOR_13445,331
BRIDGE_BCC_141,242
BRIDGE_HOR_13441,226
BRIDGE_HOR_8852,502
BRIDGE_HOR_13439,120
BRIDGE_HOR_13440,208
BRIDGE_HOR_12522,51
BRIDGE_HOR_12821,51
BRIDGE_BCC_162,328
BRIDGE_HOR_11644,NA
BRIDGE_HOR_13460,260
BRIDGE_HOR_13461,260
BRIDGE_HOR_11646,NA
BRIDGE_HOR_11665,NA
BRIDGE_HOR_12019,NA
BRIDGE_HOR_12045,NA
BRIDGE_HOR_12047,NA
BRIDGE_HOR_12048,NA
BRIDGE_HOR_12073,NA
BRIDGE_HOR_12316,NA
BRIDGE_HOR_12317,NA
BRIDGE_HOR_12318,NA
BRIDGE_HOR_12319,NA
BRIDGE_HOR_12320,NA
BRIDGE_HOR_12322,NA
BRIDGE_HOR_12323,NA
BRIDGE_HOR_12324,NA
BRIDGE_HOR_12325,NA
BRIDGE_HOR_12326,NA
BRIDGE_HOR_12331,NA
BRIDGE_HOR_12332,NA
BRIDGE_HOR_12334,NA
BRIDGE_BCC_134,48
BRIDGE_HOR_11645,684
BTR_FT521,364
BRIDGE_BCC_37,144
BRIDGE_HOR_13515,462
BRIDGE_HOR_13516,466
BRIDGE_BCC_49,290
BRIDGE_HOR_13519,566
BRIDGE_HOR_13520,NA
BRIDGE_HOR_13518,672
BRIDGE_BCC_46,188
BRIDGE_HOR_13521,374
BRIDGE_BCC_33,237
BRIDGE_HOR_13522,442
BRIDGE_HOR_13517,357
BRIDGE_HOR_11116,441
BRIDGE_HOR_11117,441
BRIDGE_HOR_11118,441
BRIDGE_HOR_11119,535
BRIDGE_HOR_11125,535
BRIDGE_HOR_12412,535
BTR_FT411,633
BRIDGE_HOR_11503,332
BRIDGE_HOR_11495,295
BRIDGE_HOR_11496,433
BRIDGE_HOR_11497,271
BRIDGE_HOR_11498,331
BRIDGE_HOR_13493,383
BRIDGE_HOR_13490,269
BRIDGE_HOR_11480,281
BRIDGE_HOR_11481,289
BRIDGE_HOR_11482,NA
BRIDGE_HOR_11483,269
BRIDGE_HOR_11484,271
BRIDGE_HOR_13462,281
BRIDGE_HOR_12831,NA
BRIDGE_HOR_11501,280
BRIDGE_HOR_11499,339
BRIDGE_HOR_11488,249
BRIDGE_HOR_11487,NA
BRIDGE_HOR_11491,243
BRIDGE_HOR_11504,243
BRIDGE_HOR_12711,243
BRIDGE_HOR_12712,243
BRIDGE_HOR_12795,243
BRIDGE_HOR_13466,243
BRIDGE_HOR_11490,222
BRIDGE_HOR_11485,NA
BRIDGE_HOR_11486,228
BRIDGE_HOR_11489,384
BRIDGE_HOR_11502,389
BRIDGE_HOR_12794,389
BRIDGE_HOR_11492,415
BRIDGE_HOR_11493,328
BRIDGE_HOR_12793,328
BRIDGE_HOR_11494,NA
BRIDGE_HOR_13494,NA
BRIDGE_HOR_94,890
BRIDGE_HOR_10367,705
BRIDGE_HOR_3964,NA
BRIDGE_HOR_11123,842
BRIDGE_HOR_11124,842
BRIDGE_HOR_12411,842
BRIDGE_HOR_12787,842
BRIDGE_HOR_13495_A,NA
BRIDGE_HOR_13496,NA
BRIDGE_HOR_22167,NA
BRIDGE_HOR_11006,648
BRIDGE_HOR_11005,663
BRIDGE_HOR_3968,716
BRIDGE_HOR_10949,368
BRIDGE_HOR_11003,661
BRIDGE_HOR_2348,827
BRIDGE_HOR_2346,996
BRIDGE_HOR_11004,610
BRIDGE_HOR_2404,911
BRIDGE_HOR_947,911
BRIDGE_HOR_11008,849
BRIDGE_HOR_91,1064
BRIDGE_HOR_814,1064
BRIDGE_HOR_12420,292
BRIDGE_HOR_10947,767
BRIDGE_HOR_10948,665
BRIDGE_HOR_11114,292
BRIDGE_HOR_12721,292
BRIDGE_HOR_11009,905
BRIDGE_HOR_10682,292
BRIDGE_HOR_10683,292
BRIDGE_HOR_10946,580
BRIDGE_HOR_11113,311
BRIDGE_HOR_11122,311
BRIDGE_HOR_93,1216
BRIDGE_HOR_10554,NA
BRIDGE_HOR_10556,NA
BRIDGE_HOR_10557,NA
BRIDGE_HOR_10560,NA
BRIDGE_HOR_10671,NA
BRIDGE_BCC_112,148
BRIDGE_HOR_3959,969
BRIDGE_HOR_10943,495
BRIDGE_HOR_10944,495
BRIDGE_HOR_10555,209
BRIDGE_HOR_10670,209
BRIDGE_HOR_10772,209
BRIDGE_HOR_3954,1170
BRIDGE_HOR_3777,933
BRIDGE_HOR_3960,933
BRIDGE_HOR_3949,749
BRIDGE_HOR_3956,994
BRIDGE_HOR_10937,646
BRIDGE_HOR_9857,872
BRIDGE_HOR_9858,872
BRIDGE_HOR_10939,457
BRIDGE_HOR_10940,457
BRIDGE_HOR_10941,457
BRIDGE_HOR_10942,457
BRIDGE_HOR_10992,457
BRIDGE_HOR_10945,422
BRIDGE_HOR_10950,422
BRIDGE_HOR_11107,422
BRIDGE_HOR_11108,422
BRIDGE_HOR_3950,797
BRIDGE_HOR_3961,1084
BRIDGE_HOR_9848,872
BRIDGE_HOR_9850,872
BRIDGE_HOR_9851,872
BRIDGE_HOR_10936,406
BRIDGE_HOR_11012,406
BRIDGE_BCC_1590,406
BRIDGE_HOR_10553,273
BRIDGE_HOR_8702,258
BRIDGE_HOR_3951,760
BRIDGE_HOR_3957,900
BRIDGE_HOR_3958,812
BRIDGE_HOR_9855,712
BRIDGE_HOR_9856,712
BRIDGE_HOR_10552,253
BRIDGE_HOR_10638,253
BRIDGE_HOR_9712,288
BRIDGE_HOR_13488_A,NA
BRIDGE_HOR_22164,NA
BRIDGE_HOR_9711,381
BRIDGE_HOR_10630,753
BRIDGE_HOR_3953,871
BRIDGE_HOR_10094,826
BRIDGE_HOR_9852,826
BRIDGE_HOR_9853,826
BRIDGE_HOR_9854,826
BRIDGE_HOR_9256,423
BRIDGE_HOR_9265,423
BRIDGE_HOR_9462,423
BRIDGE_HOR_13487,357
BRIDGE_HOR_13486,343
BRIDGE_HOR_9264,376
BRIDGE_HOR_9308,376
BRIDGE_HOR_9309,376
BRIDGE_HOR_9257,460
BRIDGE_HOR_9267,460
BRIDGE_HOR_10411,350
BRIDGE_HOR_10412,350
BRIDGE_HOR_9268,350
BRIDGE_HOR_9269,350
BRIDGE_HOR_9273,363
BRIDGE_HOR_9310,350
BRIDGE_HOR_1999,NA
BRIDGE_HOR_4280,NA
BRIDGE_HOR_9258,526
BRIDGE_HOR_9270,526
BRIDGE_HOR_13158,776
BRIDGE_HOR_9274,398
BRIDGE_HOR_13159,692
BRIDGE_HOR_9704,455
BRIDGE_HOR_9705,455
BRIDGE_HOR_2285,358
BRIDGE_HOR_4579,358
BRIDGE_HOR_2000,NA
BRIDGE_HOR_2001,397
BRIDGE_HOR_2004,397
BRIDGE_HOR_9859,718
BRIDGE_HOR_10028,357
BRIDGE_HOR_10059,357
BRIDGE_HOR_11478,343
BRIDGE_HOR_10952,911
BRIDGE_HOR_11479,348
BRIDGE_HOR_12791,348
BRIDGE_HOR_9261,372
BRIDGE_HOR_10044,407
BRIDGE_HOR_12822,538
BRIDGE_HOR_12823,479
BRIDGE_HOR_13523,538
BRIDGE_HOR_13524,538
BRIDGE_HOR_10045,530
BRIDGE_HOR_10681,406
BRIDGE_HOR_9913,408
BRIDGE_HOR_9914,444
BRIDGE_HOR_10223,564
BRIDGE_HOR_9255,NA
BRIDGE_HOR_9911,428
BRIDGE_HOR_10225,493
BRIDGE_HOR_10221,482
BRIDGE_HOR_9262,385
BRIDGE_HOR_10226,304
BRIDGE_HOR_1669,463
BRIDGE_HOR_2003,314
BRIDGE_HOR_1670,336
BRIDGE_HOR_1671,336
BRIDGE_HOR_12824,570
BRIDGE_HOR_12825,517
BRIDGE_HOR_2002,300
BRIDGE_HOR_2009,368
BRIDGE_HOR_2010,368
BRIDGE_HOR_2011,368
BRIDGE_HOR_10229,511
BRIDGE_HOR_10230,511
BRIDGE_HOR_10364,437
BRIDGE_HOR_10365,437
BRIDGE_HOR_10474,437
BRIDGE_HOR_2005,294
BRIDGE_HOR_10825,272
BRIDGE_HOR_2392,528
BRIDGE_HOR_2486,528
BRIDGE_HOR_2008,445
BRIDGE_HOR_2007,458
BRIDGE_HOR_10234,357
BRIDGE_HOR_10827,309
BRIDGE_HOR_2006,NA
BRIDGE_HOR_11120,289
BRIDGE_HOR_7336,880
BRIDGE_HOR_7392,880
BRIDGE_HOR_9646,747
BRIDGE_HOR_9647,747
BRIDGE_HOR_9648,796
BRIDGE_HOR_9653,754
BRIDGE_HOR_9651,801
BRIDGE_HOR_9652,801
BRIDGE_HOR_9248,309
BRIDGE_HOR_7334,NA
BRIDGE_HOR_7335,NA
BRIDGE_HOR_10828,264
BRIDGE_HOR_10831,264
BRIDGE_HOR_9252,427
BRIDGE_HOR_9636,745
BRIDGE_HOR_9637,745
BRIDGE_HOR_9638,745
BRIDGE_HOR_9639,745
BRIDGE_HOR_9640,745
BRIDGE_HOR_9641,776
BRIDGE_HOR_9642,776
BRIDGE_HOR_9643,776
BRIDGE_HOR_9655,760
BRIDGE_HOR_9670,809
BRIDGE_HOR_9671,809
BRIDGE_HOR_9656,704
BRIDGE_HOR_9657,704
BRIDGE_HOR_9658,704
BRIDGE_HOR_9659,704
BRIDGE_HOR_9660,704
BRIDGE_HOR_9645,803
BRIDGE_HOR_9661,803
BRIDGE_HOR_9662,803
BRIDGE_HOR_9663,803
BRIDGE_HOR_9664,803
BRIDGE_HOR_9665,803
BRIDGE_HOR_9666,803
BRIDGE_HOR_9667,803
BRIDGE_HOR_9668,803
BRIDGE_HOR_9669,803
BRIDGE_HOR_8613,894
BRIDGE_HOR_9685,791
BRIDGE_HOR_9672,936
BRIDGE_HOR_9673,936
BRIDGE_HOR_9682,NA
BRIDGE_HOR_9683,NA
BRIDGE_HOR_9684,NA
BRIDGE_HOR_9674,972
BRIDGE_HOR_9675,972
BRIDGE_HOR_9676,972
BRIDGE_HOR_9677,972
BRIDGE_HOR_9678,972
BRIDGE_HOR_7383,923
BRIDGE_HOR_9681,789
BRIDGE_HOR_9679,742
BRIDGE_HOR_9680,742
BRIDGE_HOR_10829,244
BRIDGE_HOR_10830,244
BRIDGE_HOR_9692,772
BRIDGE_HOR_9693,772
BRIDGE_HOR_7384,856
BRIDGE_HOR_7385,856
BRIDGE_HOR_7386,856
BRIDGE_HOR_7387,856
BRIDGE_HOR_7388,856
BRIDGE_HOR_7438,856
BRIDGE_HOR_4944,856
BRIDGE_HOR_9694,800
BRIDGE_HOR_4945,825
BRIDGE_HOR_4946,825
BRIDGE_HOR_7279,825
BRIDGE_HOR_9686,808
BRIDGE_HOR_9687,808
BRIDGE_HOR_9688,808
BRIDGE_HOR_9689,808
BRIDGE_HOR_9690,808
BRIDGE_HOR_9691,808
BRIDGE_HOR_9700,832
BRIDGE_HOR_9696,885
BRIDGE_HOR_9697,885
BRIDGE_HOR_9698,885
BRIDGE_HOR_9699,885
BRIDGE_HOR_9695,885
BRIDGE_HOR_7337,717
BRIDGE_HOR_7338,717
BRIDGE_HOR_7339,717
BRIDGE_HOR_7340,717
BRIDGE_HOR_7341,717
BRIDGE_HOR_7342,717
BRIDGE_HOR_7343,717
BRIDGE_HOR_7379,635
BRIDGE_HOR_7380,635
BRIDGE_HOR_7381,635
BRIDGE_HOR_7376,679
BRIDGE_HOR_7377,679
BRIDGE_HOR_7378,679
BRIDGE_HOR_7436,679
BRIDGE_HOR_7437,679
BRIDGE_HOR_7346,829
BRIDGE_HOR_7373,818
BRIDGE_HOR_7374,818
BRIDGE_HOR_7375,818
BRIDGE_HOR_7369,639
BRIDGE_HOR_7347,965
BRIDGE_HOR_7372,860
BRIDGE_HOR_7349,615
BRIDGE_HOR_7370,789
BRIDGE_HOR_7371,789
BRIDGE_HOR_737,NA
BRIDGE_HOR_738,NA
BRIDGE_HOR_739,364
BRIDGE_HOR_7350,NA
BRIDGE_HOR_7351,NA
BRIDGE_HOR_7352,NA
BRIDGE_HOR_7353,NA
BRIDGE_HOR_7354,NA
BRIDGE_HOR_11312,427
BRIDGE_HOR_11313,427
BRIDGE_HOR_12805,427
BRIDGE_HOR_11315,523
BRIDGE_HOR_11314,409
BRIDGE_HOR_12782,409
BRIDGE_HOR_736,721
BRIDGE_HOR_7368,NA
BRIDGE_HOR_748,603
BRIDGE_HOR_740,466
BRIDGE_HOR_7355,699
BRIDGE_HOR_7356,627
BRIDGE_HOR_7357,627
BRIDGE_HOR_7358,627
BRIDGE_HOR_7359,627
BRIDGE_HOR_7390,627
BRIDGE_HOR_756,637
BRIDGE_HOR_13150,379
BRIDGE_HOR_13151,379
BRIDGE_HOR_1245,512
BRIDGE_HOR_987,512
BRIDGE_HOR_12402,433
BRIDGE_HOR_12798,433
BRIDGE_HOR_1269,460
BRIDGE_HOR_1270,460
BRIDGE_HOR_1286,715
BRIDGE_HOR_12403,458
BRIDGE_HOR_12799,458
BRIDGE_HOR_12413,303
BRIDGE_HOR_1267,516
BRIDGE_HOR_1268,516
BRIDGE_HOR_13152,524
BRIDGE_HOR_12415,467
BRIDGE_HOR_12416,546
BRIDGE_HOR_768,484
BRIDGE_HOR_2510,564
BRIDGE_HOR_743,564
BRIDGE_HOR_744,438
BRIDGE_HOR_8620,777
BRIDGE_HOR_8627,777
BRIDGE_HOR_8629,777
BRIDGE_HOR_8630,777
BRIDGE_HOR_8631,777
BRIDGE_HOR_8677,777
BRIDGE_HOR_8680,777
BRIDGE_HOR_1247,414
BRIDGE_HOR_991,414
BRIDGE_HOR_1386,599
BRIDGE_HOR_936,599
BRIDGE_HOR_745,522
BRIDGE_HOR_1387,592
BRIDGE_HOR_937,592
BRIDGE_HOR_8615,908
BRIDGE_HOR_1279,456
BRIDGE_HOR_1280,456
BRIDGE_HOR_746,438
BRIDGE_HOR_1278,450
BRIDGE_HOR_8684,952
BRIDGE_HOR_8657,853
BRIDGE_HOR_967,505
BRIDGE_HOR_7367,814
BRIDGE_HOR_7360,747
BRIDGE_HOR_7361,747
BRIDGE_HOR_989,299
BRIDGE_HOR_8655,883
BRIDGE_HOR_8656,883
BRIDGE_HOR_8660,883
BRIDGE_HOR_691,294
BRIDGE_HOR_692,294
BRIDGE_HOR_729,329
BRIDGE_HOR_8647,NA
BRIDGE_HOR_7362,1033
BRIDGE_HOR_7363,1033
BRIDGE_HOR_7364,1033
BRIDGE_HOR_7365,1033
BRIDGE_HOR_7366,1033
BRIDGE_HOR_7391,1033
BRIDGE_HOR_1244,327
BRIDGE_HOR_4402,327
BRIDGE_HOR_760,327
BRIDGE_HOR_986,327
BRIDGE_HOR_732,335
BRIDGE_HOR_8654,925
BRIDGE_HOR_8648,941
BRIDGE_HOR_8683,941
BRIDGE_HOR_753,684
BRIDGE_HOR_966,343
BRIDGE_HOR_988,343
BRIDGE_HOR_722,332
BRIDGE_HOR_731,358
BRIDGE_HOR_8650,892
BRIDGE_HOR_8651,892
BRIDGE_HOR_8652,892
BRIDGE_HOR_8649,860
BRIDGE_HOR_8653,889
BRIDGE_HOR_1236,330
BRIDGE_HOR_2278,330
BRIDGE_HOR_726,415
BRIDGE_HOR_1026,345
BRIDGE_HOR_1027,345
BRIDGE_HOR_1150,345
BRIDGE_HOR_1152,345
BRIDGE_HOR_1153,345
BRIDGE_HOR_1158,309
BRIDGE_HOR_1360,309
BRIDGE_HOR_1652,309
BRIDGE_HOR_1738,309
BRIDGE_HOR_1739,322
BRIDGE_HOR_6953,345
BRIDGE_HOR_6954,345
BRIDGE_HOR_719,322
BRIDGE_HOR_720,322
BRIDGE_HOR_727,309
BRIDGE_HOR_881,322
BRIDGE_HOR_725,349
BRIDGE_HOR_8645,897
BRIDGE_HOR_1020,484
BRIDGE_HOR_1033,314
BRIDGE_HOR_1156,484
BRIDGE_HOR_1164,314
BRIDGE_HOR_1380,484
BRIDGE_HOR_8646,857
BRIDGE_HOR_8644,878
BRIDGE_HOR_1010,438
BRIDGE_HOR_1022,438
BRIDGE_HOR_1023,438
BRIDGE_HOR_1145,438
BRIDGE_HOR_1146,438
BRIDGE_HOR_1147,438
BRIDGE_HOR_1239,438
BRIDGE_HOR_942,438
BRIDGE_HOR_1233,326
BRIDGE_HOR_728,412
BRIDGE_HOR_982,326
BRIDGE_HOR_1024,454
BRIDGE_HOR_1148,454
BRIDGE_HOR_1011,354
BRIDGE_HOR_1128,354
BRIDGE_HOR_849,354
BRIDGE_HOR_8624,761
BRIDGE_HOR_8679,761
BRIDGE_HOR_723,354
BRIDGE_HOR_724,354
BRIDGE_HOR_1382,430
BRIDGE_HOR_997,430
BRIDGE_HOR_8626,NA
BRIDGE_HOR_1029,515
BRIDGE_HOR_1159,515
BRIDGE_HOR_730,515
BRIDGE_HOR_848,440
BRIDGE_HOR_8638,634
BRIDGE_HOR_8639,634
BRIDGE_HOR_8640,634
BRIDGE_HOR_8641,634
BRIDGE_HOR_8642,634
BRIDGE_HOR_8643,634
BRIDGE_HOR_1160,524
BRIDGE_HOR_733,524
BRIDGE_HOR_1031,370
BRIDGE_HOR_1032,370
BRIDGE_HOR_1034,292
BRIDGE_HOR_1161,370
BRIDGE_HOR_1162,370
BRIDGE_HOR_1163,370
BRIDGE_HOR_1165,292
BRIDGE_HOR_734,370
BRIDGE_HOR_993,370
BRIDGE_HOR_8632,870
BRIDGE_HOR_8633,870
BRIDGE_HOR_8634,870
BRIDGE_HOR_8635,870
BRIDGE_HOR_8681,870
BRIDGE_HOR_8682,870
BRIDGE_HOR_8618,628
BRIDGE_HOR_8675,628
BRIDGE_HOR_1018,334
BRIDGE_HOR_1019,313
BRIDGE_HOR_1143,313
BRIDGE_HOR_1942,334
BRIDGE_HOR_717,334
BRIDGE_HOR_1016,316
BRIDGE_HOR_1039,316
BRIDGE_HOR_1141,316
BRIDGE_HOR_693,299
BRIDGE_HOR_694,293
BRIDGE_HOR_688,428
BRIDGE_HOR_689,428
BRIDGE_HOR_709,NA
BRIDGE_HOR_8676,747
BRIDGE_HOR_8678,747
BRIDGE_HOR_1012,294
BRIDGE_HOR_1014,345
BRIDGE_HOR_1015,345
BRIDGE_HOR_1035,449
BRIDGE_HOR_1140,345
BRIDGE_HOR_1166,449
BRIDGE_HOR_1167,449
BRIDGE_HOR_1168,449
BRIDGE_HOR_1659,449
BRIDGE_HOR_1383,449
BRIDGE_HOR_4404,449
BRIDGE_HOR_690,314
BRIDGE_HOR_880,345
BRIDGE_HOR_882,449
BRIDGE_HOR_943,449
BRIDGE_HOR_994,449
BRIDGE_HOR_701,389
BRIDGE_HOR_711,389
BRIDGE_HOR_712,389
BRIDGE_HOR_8636,817
BRIDGE_HOR_1017,412
BRIDGE_HOR_1040,412
BRIDGE_HOR_1142,412
BRIDGE_HOR_697,372
BRIDGE_HOR_698,372
BRIDGE_HOR_713,272
BRIDGE_HOR_714,272
BRIDGE_HOR_1169,380
BRIDGE_HOR_1170,380
BRIDGE_HOR_4417,380
BRIDGE_HOR_700,350
BRIDGE_HOR_944,380
BRIDGE_HOR_995,380
BRIDGE_HOR_996,380
BRIDGE_HOR_752,413
BRIDGE_HOR_8637,730
BRIDGE_HOR_710,283
BRIDGE_HOR_718,410
BRIDGE_HOR_1038,311
BRIDGE_HOR_1238,311
BRIDGE_HOR_686,311
BRIDGE_HOR_940,311
BRIDGE_HOR_1283,329
BRIDGE_HOR_1284,329
BRIDGE_HOR_1313,329
BRIDGE_HOR_1021,384
BRIDGE_HOR_1144,384
BRIDGE_HOR_1385,384
BRIDGE_HOR_684,402
BRIDGE_HOR_708,411
BRIDGE_HOR_941,384
BRIDGE_HOR_1253,523
BRIDGE_HOR_1384,523
BRIDGE_HOR_685,400
BRIDGE_HOR_707,311
BRIDGE_HOR_1258,368
BRIDGE_HOR_706,368
BRIDGE_HOR_1126,378
BRIDGE_HOR_1127,378
BRIDGE_HOR_983,260
BRIDGE_HOR_878,299
BRIDGE_HOR_1007,NA
BRIDGE_HOR_1235,NA
BRIDGE_HOR_847,235
BRIDGE_HOR_1013,299
BRIDGE_HOR_1138,299
BRIDGE_HOR_3884,299
BRIDGE_HOR_687,271
BRIDGE_HOR_3277,311
BRIDGE_HOR_3278,234
BRIDGE_HOR_679,234
BRIDGE_HOR_680,311
BRIDGE_HOR_678,334
BRIDGE_HOR_13449,480
BRIDGE_HOR_13450,480
BRIDGE_HOR_1137,452
BRIDGE_HOR_1943,452
BRIDGE_HOR_2281,452
BRIDGE_HOR_681,424
BRIDGE_HOR_1025,393
BRIDGE_HOR_1149,393
BRIDGE_HOR_13451,441
BRIDGE_HOR_763,478
BRIDGE_HOR_682,356
BRIDGE_HOR_761,409
BRIDGE_HOR_762,409
BRIDGE_HOR_1139,NA
BRIDGE_HOR_1651,NA
BRIDGE_HOR_13456,NA
BRIDGE_HOR_1379,327
BRIDGE_HOR_1737,306
BRIDGE_HOR_1773,306
BRIDGE_HOR_865,297
BRIDGE_HOR_1770,323
BRIDGE_HOR_1860,323
BRIDGE_HOR_862,394
BRIDGE_HOR_1172,NA
BRIDGE_HOR_1173,NA
BRIDGE_HOR_1240,NA
BRIDGE_HOR_1356,NA
BRIDGE_HOR_4403,NA
BRIDGE_HOR_864,316
BRIDGE_HOR_1131,390
BRIDGE_HOR_1995,390
BRIDGE_HOR_2674,390
BRIDGE_HOR_11319,NA
BRIDGE_HOR_860,376
BRIDGE_HOR_867,278
BRIDGE_HOR_868,278
BRIDGE_HOR_861,327
BRIDGE_HOR_866,334
BRIDGE_HOR_13455,338
BRIDGE_HOR_12833,397
BRIDGE_HOR_13454,331
BRIDGE_HOR_1122,263
BRIDGE_HOR_1125,263
BRIDGE_HOR_1134,263
BRIDGE_HOR_1135,263
BRIDGE_HOR_1241,263
BRIDGE_HOR_673,263
BRIDGE_HOR_674,263
BRIDGE_HOR_675,263
BRIDGE_HOR_876,263
BRIDGE_HOR_979,263
BRIDGE_HOR_676,262
BRIDGE_HOR_672,NA
BRIDGE_HOR_869,NA
BRIDGE_HOR_863,371
BRIDGE_HOR_1941,NA
BRIDGE_HOR_859,NA
BRIDGE_HOR_677,411
BRIDGE_HOR_13457,306
BRIDGE_HOR_858,NA
BRIDGE_HOR_1378,248
BRIDGE_HOR_856,248
BRIDGE_HOR_980,248
BRIDGE_HOR_671,244
BRIDGE_HOR_857,244
BRIDGE_HOR_13453,440
BRIDGE_HOR_855,351
BRIDGE_HOR_853,383
BRIDGE_HOR_1130,290
BRIDGE_HOR_850,NA
BRIDGE_HOR_851,NA
BRIDGE_HOR_852,NA
BRIDGE_HOR_1255,NA
BRIDGE_HOR_1257,265
BRIDGE_HOR_846,278
BRIDGE_HOR_1129,NA
BRIDGE_HOR_854,292
BRIDGE_HOR_670,280
BRIDGE_HOR_1256,298
BRIDGE_HOR_13458,390
BRIDGE_BCC_223,NA
BRIDGE_HOR_13452,NA
BRIDGE_BCC_236,298
BRIDGE_BCC_55,269
BRIDGE_BCC_31,399
BRIDGE_BCC_50,128
BRIDGE_HOR_20121,NA
BRIDGE_HOR_20135,NA
BRIDGE_HOR_8536,NA
BTR_FT226,NA
BTR_FT553,NA
BRIDGE_HOR_18466,174
BRIDGE_BCC_100,266
BRIDGE_HOR_13792,116
BRIDGE_HOR_18480,136
BRIDGE_HOR_18484,116
BTR_FT549,NA
BRIDGE_HOR_13795,138
BRIDGE_HOR_20145,138
BRIDGE_BCC_98,NA
BRIDGE_BCC_253,289
BRIDGE_BCC_110,490
BRIDGE_BCC_203,261
BRIDGE_BCC_102,110
BRIDGE_BCC_107,239
BRIDGE_HOR_14097,308
BRIDGE_HOR_14098,NA
BRIDGE_HOR_11439,NA
BRIDGE_HOR_11444,NA
BRIDGE_HOR_21542,147
BRIDGE_HOR_21716,147
BRIDGE_HOR_14101,156
BRIDGE_HOR_19814,123
BRIDGE_HOR_21547,362
BTR_FT525,NA
BRIDGE_HOR_20123,283
BRIDGE_HOR_20129,283
BRIDGE_HOR_21597,117
BRIDGE_HOR_21581,216
BRIDGE_BCC_244,NA
BRIDGE_HOR_13809,123
BRIDGE_HOR_18455,110
BRIDGE_HOR_18456,123
BRIDGE_HOR_18468,NA
BRIDGE_HOR_18472,110
BRIDGE_HOR_20122,NA
BRIDGE_HOR_14112,176
BRIDGE_HOR_21600,176
BRIDGE_HOR_21556,133
BRIDGE_HOR_21546,145
BRIDGE_HOR_21571,145
BRIDGE_BCC_189,149
BRIDGE_HOR_19788,149
BRIDGE_HOR_21559,143
BRIDGE_HOR_21560,143
BRIDGE_HOR_14121,129
BRIDGE_HOR_21553,129
BRIDGE_HOR_19786,131
BRIDGE_HOR_19789,143
BRIDGE_HOR_19818,143
BRIDGE_HOR_20155,192
BRIDGE_HOR_21570,192
BRIDGE_HOR_14108,230
BRIDGE_HOR_21582,230
BRIDGE_BCC_212,121
BTR_FT555,379
BRIDGE_HOR_9608,703
BRIDGE_HOR_9607,717
BRIDGE_HOR_10357,652
BRIDGE_HOR_9614,652
BRIDGE_HOR_9615,652
BRIDGE_HOR_9606,649
BRIDGE_HOR_9613,652
BRIDGE_HOR_9616,724
BRIDGE_HOR_9617,724
BRIDGE_HOR_9609,541
BRIDGE_HOR_9816,NA
BRIDGE_HOR_9610,620
BRIDGE_HOR_10889,406
BRIDGE_HOR_10887,597
BRIDGE_HOR_10989,597
BRIDGE_HOR_10358,725
BRIDGE_HOR_10359,725
BRIDGE_HOR_9621,725
BRIDGE_HOR_9867,725
BRIDGE_HOR_9868,725
BRIDGE_HOR_10360,671
BRIDGE_HOR_9622,671
BRIDGE_HOR_9623,671
BRIDGE_HOR_9624,671
BRIDGE_HOR_9625,671
BRIDGE_HOR_9869,671
BRIDGE_HOR_9870,671
BRIDGE_HOR_10361,671
BRIDGE_HOR_10464,671
BRIDGE_HOR_10465,671
BRIDGE_HOR_10466,671
BRIDGE_HOR_10467,671
BRIDGE_HOR_9626,671
BRIDGE_HOR_9628,671
BRIDGE_HOR_9629,671
BRIDGE_HOR_9871,671
BRIDGE_BCC_252,363
BRIDGE_HOR_9630,705
BRIDGE_HOR_10974,NA
BRIDGE_BCC_91,238
BRIDGE_HOR_10971,NA
BRIDGE_HOR_10546,597
BRIDGE_HOR_10972,NA
BRIDGE_HOR_10973,NA
BRIDGE_HOR_17837,227
BRIDGE_HOR_18848,199
BRIDGE_HOR_10970,419
BRIDGE_HOR_20183,130
BRIDGE_HOR_17774,NA
BRIDGE_HOR_10885,426
BRIDGE_HOR_10886,426
BTR_FT414,NA
BTR_FT539,427
BRIDGE_HOR_10883,572
BRIDGE_HOR_10884,572
BRIDGE_HOR_7499,146
BRIDGE_HOR_10879,499
BRIDGE_HOR_10880,499
BRIDGE_HOR_10881,NA
BRIDGE_HOR_10882,NA
BRIDGE_BCC_89,98
BRIDGE_HOR_10878,356
BRIDGE_BCC_87,370
BRIDGE_HOR_10705,544
BRIDGE_BCC_96,125
BRIDGE_HOR_10590,NA
BRIDGE_HOR_4265,186
BRIDGE_HOR_8480,NA
BRIDGE_HOR_8273,331
BRIDGE_HOR_8274,331
BRIDGE_HOR_10591,448
BRIDGE_HOR_10648,720
BRIDGE_HOR_10647,720
BRIDGE_HOR_10646,833
BRIDGE_HOR_10644,550
BRIDGE_HOR_10645,550
BRIDGE_HOR_10643,748
BRIDGE_HOR_10775,566
BRIDGE_HOR_10641,607
BRIDGE_HOR_10742,607
BRIDGE_HOR_10777,524
BRIDGE_HOR_10820,NA
BRIDGE_HOR_10821,NA
BRIDGE_HOR_10822,NA
BRIDGE_HOR_10640,657
BRIDGE_HOR_10642,563
BRIDGE_HOR_10819,NA
BRIDGE_HOR_10824,475
BRIDGE_HOR_10823,387
BRIDGE_HOR_10758,584
BRIDGE_HOR_10894,584
BRIDGE_HOR_10746,658
BRIDGE_HOR_10747,658
BRIDGE_HOR_10748,658
BRIDGE_HOR_10749,658
BRIDGE_HOR_10750,602
BRIDGE_HOR_10751,602
BRIDGE_HOR_10754,629
BRIDGE_HOR_10892,681
BRIDGE_HOR_10895,681
BRIDGE_HOR_10969,404
BRIDGE_HOR_11197,404
BRIDGE_BCC_67,NA
BRIDGE_BCC_185,NA
BRIDGE_BCC_28,526
BRIDGE_HOR_2841,234
BRIDGE_HOR_2842,234
BRIDGE_HOR_2843,234
BRIDGE_HOR_2844,234
BRIDGE_HOR_2845,234
BRIDGE_HOR_2846,234
BRIDGE_HOR_2847,234
BRIDGE_HOR_2848,234
BRIDGE_HOR_2849,234
BRIDGE_HOR_2850,234
BRIDGE_HOR_2851,387
BRIDGE_HOR_2852,387
BRIDGE_HOR_2853,387
BRIDGE_HOR_2854,387
BRIDGE_HOR_2855,387
BRIDGE_HOR_2856,387
BRIDGE_BCC_82,295
BRIDGE_HOR_3520,307
BRIDGE_HOR_2771,307
BRIDGE_HOR_2774,239
BRIDGE_HOR_2775,239
BRIDGE_HOR_2776,239
BRIDGE_HOR_2777,239
BRIDGE_HOR_2779,239
BRIDGE_HOR_2780,239
BRIDGE_HOR_2781,239
BRIDGE_HOR_2790,239
BRIDGE_HOR_2791,239
BRIDGE_HOR_2824,307
BRIDGE_HOR_2825,307
BRIDGE_HOR_4261,187
BRIDGE_HOR_2502,187
BRIDGE_HOR_2770,228
BRIDGE_HOR_2772,187
BRIDGE_HOR_2773,187
BRIDGE_HOR_2796,292
BRIDGE_HOR_2797,292
BRIDGE_HOR_2798,292
BRIDGE_HOR_2799,187
BRIDGE_HOR_2800,187
BRIDGE_HOR_2814,228
BRIDGE_HOR_2815,228
BRIDGE_HOR_2816,228
BRIDGE_HOR_2817,228
BRIDGE_HOR_2818,228
BRIDGE_HOR_2819,228
BRIDGE_HOR_2820,228
BRIDGE_HOR_2821,228
BRIDGE_HOR_2822,228
BRIDGE_HOR_2823,228
BRIDGE_HOR_2827,190
BRIDGE_HOR_2828,190
BRIDGE_HOR_2829,190
BRIDGE_HOR_2830,190
BRIDGE_HOR_2831,190
BRIDGE_HOR_2832,190
BRIDGE_HOR_2833,190
BRIDGE_HOR_2834,190
BRIDGE_HOR_2837,187
BRIDGE_HOR_2838,187
BRIDGE_HOR_2839,187
BRIDGE_HOR_2881,190
BRIDGE_HOR_4262,156
BRIDGE_HOR_4264,264
BRIDGE_HOR_2768,230
BRIDGE_HOR_2788,230
BRIDGE_HOR_2789,264
BRIDGE_HOR_2794,230
BRIDGE_HOR_2795,264
BRIDGE_HOR_2857,280
BRIDGE_HOR_2858,280
BRIDGE_HOR_3908,116
BRIDGE_HOR_4263,308
BRIDGE_HOR_2792,308
BRIDGE_HOR_2793,308
BRIDGE_HOR_2803,196
BRIDGE_HOR_2804,196
BRIDGE_HOR_2807,196
BRIDGE_HOR_2808,116
BRIDGE_HOR_2810,116
BRIDGE_HOR_2811,116
BRIDGE_HOR_3298,196
BRIDGE_HOR_2785,161
BRIDGE_HOR_2786,161
BRIDGE_HOR_2787,NA
BRIDGE_HOR_2801,161
BRIDGE_HOR_2805,87
BRIDGE_HOR_2806,193
BRIDGE_HOR_2812,NA
BRIDGE_HOR_2813,161
BRIDGE_HOR_2859,NA
BRIDGE_HOR_2872,161
BRIDGE_HOR_2873,161
BRIDGE_HOR_2874,161
BRIDGE_HOR_2880,276
BRIDGE_HOR_2870,158
BRIDGE_HOR_2871,158
BRIDGE_BCC_165,97
BRIDGE_BCC_163,59
BRIDGE_BCC_1494,NA
BRIDGE_BCC_61,58
BRIDGE_HOR_2782,195
BRIDGE_HOR_2784,195
BRIDGE_HOR_2860,292
BRIDGE_HOR_2862,292
BRIDGE_HOR_2863,292
BRIDGE_HOR_2864,292
BRIDGE_HOR_2865,292
BRIDGE_HOR_2866,292
BRIDGE_HOR_2867,195
BRIDGE_HOR_2868,195
BRIDGE_BCC_65,116
BTR_FT523,NA
BRIDGE_BCC_178,92
BTR_FT554,222
BRIDGE_HOR_7700,288
BRIDGE_HOR_7701,375
BRIDGE_HOR_7702,410
BRIDGE_HOR_7703,288
BRIDGE_HOR_7695,234
BRIDGE_BCC_175,481
BRIDGE_HOR_7696,249
BRIDGE_HOR_7699,238
BRIDGE_HOR_7698,292
BRIDGE_HOR_7697,241
BRIDGE_HOR_7588,385
BRIDGE_HOR_7589,385
BRIDGE_HOR_7591,412
BRIDGE_HOR_7594,342
BRIDGE_HOR_7564,497
BRIDGE_HOR_7585,323
BRIDGE_HOR_7586,339
BRIDGE_HOR_7583,303
BRIDGE_HOR_7562,465
BRIDGE_HOR_7563,465
BRIDGE_HOR_7627,433
BRIDGE_HOR_7628,433
BRIDGE_HOR_7629,433
BRIDGE_HOR_7559,284
BRIDGE_HOR_7560,284
BRIDGE_HOR_7571,297
BRIDGE_HOR_7572,297
BRIDGE_HOR_7581,322
BRIDGE_HOR_7566,304
BRIDGE_HOR_7567,304
BRIDGE_HOR_7569,312
BRIDGE_HOR_7568,326
BRIDGE_HOR_7576,396
BRIDGE_HOR_7601,428
BRIDGE_HOR_7578,325
BRIDGE_HOR_7579,325
BRIDGE_HOR_7580,317
BRIDGE_HOR_7598,392
BRIDGE_HOR_7599,392
BRIDGE_HOR_7545,484
BRIDGE_HOR_7602,349
BRIDGE_HOR_7603,349
BRIDGE_HOR_7706,484
BRIDGE_HOR_8466,484
BRIDGE_HOR_7605,293
BRIDGE_HOR_7556,402
BRIDGE_HOR_7625,325
BRIDGE_HOR_7626,325
BRIDGE_HOR_7606,339
BRIDGE_HOR_7550,376
BRIDGE_HOR_7620,515
BRIDGE_HOR_7621,515
BRIDGE_HOR_7546,411
BRIDGE_HOR_7547,411
BRIDGE_HOR_7630,350
BRIDGE_HOR_7548,346
BRIDGE_HOR_7549,346
BRIDGE_HOR_7624,396
BRIDGE_HOR_7608,353
BRIDGE_HOR_7609,353
BRIDGE_HOR_7610,373
BRIDGE_HOR_7611,373
BRIDGE_HOR_7622,433
BRIDGE_HOR_7623,433
BRIDGE_HOR_7553,329
BRIDGE_HOR_7555,329
BRIDGE_HOR_7551,297
BRIDGE_HOR_7710,297
BRIDGE_HOR_7618,433
BRIDGE_HOR_7619,433
BRIDGE_HOR_7552,284
BRIDGE_HOR_7615,383
BRIDGE_HOR_7616,383
BRIDGE_HOR_7617,383
BRIDGE_HOR_7612,396
BRIDGE_HOR_7631,311
BTR_FT520,NA
BRIDGE_HOR_7633,352
BRIDGE_HOR_7634,352
BRIDGE_HOR_9799,463
BRIDGE_HOR_7636,326
BRIDGE_HOR_7637,326
BRIDGE_HOR_7639,286
BRIDGE_HOR_7675,394
BRIDGE_HOR_7676,394
BRIDGE_HOR_8467,286
BRIDGE_HOR_7643,277
Chinese_Genebank_ZDM01786,167
BRIDGE_HOR_7654,287
BRIDGE_HOR_7655,287
BRIDGE_HOR_7677,287
BRIDGE_HOR_7652,283
BRIDGE_HOR_7693,250
BRIDGE_HOR_7648,315
BRIDGE_HOR_7650,315
BRIDGE_HOR_7651,315
BRIDGE_HOR_7645,290
BRIDGE_HOR_7646,290
BRIDGE_HOR_7647,290
BRIDGE_HOR_9276,335
BRIDGE_HOR_7689,335
BRIDGE_HOR_7690,335
BRIDGE_HOR_7691,335
BRIDGE_HOR_7657,306
BRIDGE_HOR_7658,306
BRIDGE_HOR_7659,306
BRIDGE_HOR_7592,429
BRIDGE_HOR_7687,276
BRIDGE_HOR_7688,276
BRIDGE_HOR_7679,267
BRIDGE_HOR_7680,267
BRIDGE_HOR_7682,262
BRIDGE_HOR_7663,442
BRIDGE_HOR_7664,442
BRIDGE_HOR_7685,274
BRIDGE_HOR_7686,274
BRIDGE_HOR_7666,244
BRIDGE_HOR_7668,304
BRIDGE_HOR_7669,304
BRIDGE_HOR_7673,295
BRIDGE_HOR_7671,284
BRIDGE_HOR_7672,284
BRIDGE_HOR_7660,343
BRIDGE_HOR_7661,343
BRIDGE_HOR_7662,343
Chinese_Genebank_ZDM06048,282
Chinese_Genebank_ZDM01808,249
Chinese_Genebank_ZDM04908,287
BTR_FT561,340
Chinese_Genebank_ZDM01791,280
BRIDGE_HOR_11804,487
Chinese_Genebank_ZDM01778,178
Chinese_Genebank_ZDM01779,518
BRIDGE_BCC_748,651
Chinese_Genebank_ZDM04443,283
BRIDGE_HOR_10905,602
BRIDGE_HOR_8738,602
BRIDGE_HOR_8792,602
BRIDGE_HOR_8793,602
BRIDGE_HOR_8703,522
BRIDGE_HOR_8736,522
BRIDGE_HOR_8737,522
BRIDGE_HOR_8790,522
BRIDGE_HOR_8791,522
BRIDGE_HOR_8734,530
BRIDGE_HOR_8783,530
BRIDGE_HOR_8784,530
BRIDGE_HOR_8785,530
BRIDGE_HOR_8786,584
BRIDGE_HOR_8787,584
BRIDGE_HOR_8788,584
BRIDGE_HOR_8789,584
BRIDGE_HOR_8805,584
BRIDGE_HOR_8904,584
BRIDGE_HOR_7512,584
BRIDGE_HOR_8732,560
BRIDGE_HOR_8775,560
BRIDGE_HOR_8776,560
BRIDGE_HOR_8777,560
BRIDGE_HOR_8778,560
BRIDGE_HOR_8779,560
BRIDGE_HOR_15200,735
BRIDGE_HOR_15245,735
BRIDGE_HOR_15357,735
BRIDGE_HOR_8767,540
BRIDGE_HOR_8768,540
BRIDGE_HOR_8731,772
BRIDGE_HOR_8772,772
BRIDGE_HOR_8773,772
BRIDGE_HOR_8774,772
BRIDGE_HOR_8771,597
BRIDGE_HOR_8803,597
BRIDGE_HOR_8801,672
BRIDGE_HOR_8729,578
BRIDGE_HOR_8730,578
BRIDGE_HOR_8727,594
BRIDGE_HOR_8769,594
BRIDGE_HOR_8770,594
BRIDGE_HOR_8733,721
BRIDGE_HOR_8780,721
BRIDGE_HOR_8781,721
BRIDGE_HOR_8725,586
BRIDGE_HOR_8766,586
BRIDGE_HOR_15176,665
BRIDGE_HOR_15187,665
BRIDGE_HOR_21042,665
BRIDGE_HOR_8724,551
BRIDGE_HOR_8763,551
BRIDGE_HOR_8764,551
BRIDGE_HOR_8765,551
BRIDGE_HOR_8723,597
BRIDGE_HOR_8760,597
BRIDGE_HOR_8761,597
BRIDGE_HOR_8762,597
BRIDGE_HOR_8710,627
BRIDGE_HOR_8749,627
BRIDGE_HOR_8750,627
BRIDGE_HOR_8751,627
BRIDGE_HOR_8802,627
BRIDGE_HOR_8722,760
BRIDGE_HOR_8758,760
BRIDGE_HOR_14901,632
BRIDGE_HOR_8709,658
BRIDGE_HOR_8746,658
BRIDGE_HOR_8747,658
BRIDGE_HOR_8748,658
BRIDGE_HOR_8721,637
BRIDGE_HOR_8757,637
BRIDGE_HOR_14902,649
BRIDGE_HOR_8720,672
BRIDGE_HOR_8755,672
BRIDGE_HOR_8756,672
BRIDGE_HOR_8739,426
BRIDGE_HOR_8711,571
BRIDGE_HOR_8712,571
BRIDGE_HOR_8719,722
BRIDGE_HOR_14912,489
BRIDGE_HOR_21061,489
BRIDGE_HOR_8708,469
BRIDGE_HOR_8744,469
BRIDGE_HOR_8745,469
BRIDGE_HOR_8707,563
BRIDGE_HOR_8718,572
BRIDGE_HOR_8715,632
BRIDGE_HOR_8752,632
BRIDGE_HOR_8717,733
BRIDGE_HOR_8753,733
BRIDGE_HOR_8754,733
BRIDGE_HOR_8804,733
BRIDGE_HOR_8713,686
BRIDGE_HOR_15177,616
BRIDGE_HOR_21374,616
BRIDGE_HOR_8742,718
BRIDGE_HOR_8798,718
BRIDGE_HOR_8799,718
BRIDGE_HOR_8800,718
BRIDGE_HOR_8714,804
BRIDGE_HOR_14922,1041
BRIDGE_HOR_21273,752
BRIDGE_HOR_8740,681
BRIDGE_HOR_8741,681
BRIDGE_HOR_8795,681
BRIDGE_HOR_8796,681
BRIDGE_HOR_8797,681
BRIDGE_HOR_8704,652
BRIDGE_HOR_8705,652
BRIDGE_HOR_8706,630
BRIDGE_HOR_8743,630
BRIDGE_HOR_1476,293
BRIDGE_HOR_1513,293
BRIDGE_HOR_1998,293
BRIDGE_HOR_1769,364
Chinese_Genebank_ZDM05777,205
Chinese_Genebank_ZDM07678,915
BRIDGE_HOR_1549,633
BRIDGE_HOR_1731,523
BRIDGE_HOR_11963,NA
BRIDGE_HOR_11964,NA
BRIDGE_HOR_1587,NA
BRIDGE_HOR_1708,NA
BRIDGE_HOR_1724,NA
BRIDGE_HOR_1727,NA
BRIDGE_HOR_1761,NA
BRIDGE_HOR_1762,NA
BRIDGE_HOR_1764,NA
BRIDGE_HOR_1816,NA
BRIDGE_HOR_1817,NA
BRIDGE_HOR_1821,NA
BRIDGE_HOR_1822,NA
BRIDGE_HOR_2669,NA
BRIDGE_HOR_1571,579
Chinese_Genebank_ZDM01780,214
Chinese_Genebank_ZDM07437,387
BRIDGE_HOR_1567,402
BRIDGE_HOR_1491,269
BRIDGE_HOR_1492,269
Chinese_Genebank_ZDM07766,233
BRIDGE_HOR_1570,218
BRIDGE_HOR_1743,218
BRIDGE_HOR_1478,218
BRIDGE_HOR_1534,218
BRIDGE_HOR_2503,218
BRIDGE_HOR_1514,275
BRIDGE_HOR_2663,275
BRIDGE_HOR_2670,275
BRIDGE_HOR_1569,372
BRIDGE_BCC_415,548
BRIDGE_HOR_1715,419
BRIDGE_HOR_1828,419
BRIDGE_HOR_1525,419
BRIDGE_HOR_1532,419
BRIDGE_HOR_1812,279
BRIDGE_HOR_1813,279
BRIDGE_HOR_1474,279
BRIDGE_HOR_1535,279
Chinese_Genebank_ZDM06636,221
Chinese_Genebank_ZDM06709,285
BRIDGE_HOR_1488,404
BRIDGE_HOR_1699,317
BRIDGE_HOR_1716,317
BRIDGE_HOR_1479,317
BRIDGE_BCC_408,543
BRIDGE_BCC_409,543
BRIDGE_HOR_1563,226
BRIDGE_HOR_1566,226
BRIDGE_HOR_1711,226
BRIDGE_HOR_1735,226
BRIDGE_HOR_1768,226
BRIDGE_HOR_1827,226
BRIDGE_HOR_1487,226
BRIDGE_HOR_1997,226
BRIDGE_HOR_2667,226
BRIDGE_HOR_1766,402
BRIDGE_HOR_2383,402
Chinese_Genebank_ZDM05605,316
Chinese_Genebank_ZDM06667,316
BRIDGE_HOR_11960,NA
BRIDGE_HOR_1572,NA
BRIDGE_HOR_1573,NA
BRIDGE_HOR_1574,NA
BRIDGE_HOR_1575,NA
BRIDGE_HOR_1576,NA
BRIDGE_HOR_1578,NA
BRIDGE_HOR_1580,NA
BRIDGE_HOR_1582,NA
BRIDGE_HOR_1586,NA
BRIDGE_HOR_1678,NA
BRIDGE_HOR_1680,NA
BRIDGE_HOR_1690,NA
BRIDGE_HOR_1691,NA
BRIDGE_HOR_1692,NA
BRIDGE_HOR_1693,NA
BRIDGE_HOR_1694,NA
BRIDGE_HOR_1695,NA
BRIDGE_HOR_1696,NA
BRIDGE_HOR_1697,NA
BRIDGE_HOR_1700,NA
BRIDGE_HOR_1701,NA
BRIDGE_HOR_1705,NA
BRIDGE_HOR_1706,NA
BRIDGE_HOR_1719,NA
BRIDGE_HOR_1720,NA
BRIDGE_HOR_1721,NA
BRIDGE_HOR_1722,NA
BRIDGE_HOR_1723,NA
BRIDGE_HOR_1746,NA
BRIDGE_HOR_1748,NA
BRIDGE_HOR_1749,NA
BRIDGE_HOR_1753,NA
BRIDGE_HOR_1754,NA
BRIDGE_HOR_1756,NA
BRIDGE_HOR_1757,NA
BRIDGE_HOR_1759,NA
BRIDGE_HOR_1760,NA
BRIDGE_HOR_1767,NA
BRIDGE_HOR_1772,NA
BRIDGE_HOR_1783,NA
BRIDGE_HOR_1797,NA
BRIDGE_HOR_1834,NA
BRIDGE_HOR_1470,NA
BRIDGE_HOR_1471,NA
BRIDGE_HOR_1472,NA
BRIDGE_HOR_1475,NA
BRIDGE_HOR_1480,NA
BRIDGE_HOR_1482,NA
BRIDGE_HOR_1483,NA
BRIDGE_HOR_1486,NA
BRIDGE_HOR_1510,NA
BRIDGE_HOR_1511,NA
BRIDGE_HOR_1516,NA
BRIDGE_HOR_1517,NA
BRIDGE_HOR_1520,NA
BRIDGE_HOR_1524,NA
BRIDGE_HOR_1526,NA
BRIDGE_HOR_1528,NA
BRIDGE_HOR_1529,NA
BRIDGE_HOR_1538,NA
BRIDGE_HOR_1539,NA
BRIDGE_HOR_1540,NA
BRIDGE_HOR_1541,NA
BRIDGE_HOR_1546,NA
BRIDGE_HOR_1547,NA
BRIDGE_HOR_1557,NA
BRIDGE_HOR_1559,NA
BRIDGE_HOR_1857,NA
BRIDGE_HOR_1858,NA
BRIDGE_HOR_1939,NA
BRIDGE_HOR_1969,NA
BRIDGE_HOR_1985,NA
BRIDGE_HOR_3826,NA
BRIDGE_HOR_3883,NA
BRIDGE_HOR_2408,NA
BRIDGE_HOR_2416,NA
BRIDGE_HOR_2468,NA
BRIDGE_HOR_2655,NA
BRIDGE_HOR_2656,NA
BRIDGE_HOR_2658,NA
BRIDGE_HOR_2660,NA
BRIDGE_HOR_2661,NA
BRIDGE_HOR_2664,NA
BRIDGE_HOR_2665,NA
BRIDGE_HOR_2668,NA
Chinese_Genebank_ZDM05540,291
Chinese_Genebank_ZDM06415,415
Chinese_Genebank_ZDM08398,366
BRIDGE_HOR_1584,426
BRIDGE_HOR_1681,426
BRIDGE_HOR_1717,426
BRIDGE_HOR_1832,426
BRIDGE_HOR_1536,426
BRIDGE_HOR_1545,426
BRIDGE_HOR_1986,426
BRIDGE_HOR_2323,426
BRIDGE_HOR_2485,426
BRIDGE_HOR_1585,341
BRIDGE_HOR_1745,NA
BRIDGE_HOR_1837,NA
BRIDGE_HOR_1496,NA
BRIDGE_HOR_1498,218
Chinese_Genebank_ZDM04517,263
Chinese_Genebank_ZDM08400,348
Chinese_Genebank_ZDM04604,373
Chinese_Genebank_ZDM08394,373
Chinese_Genebank_ZDM08389,500
Chinese_Genebank_ZDM05925,480
Chinese_Genebank_ZDM06577,480
Chinese_Genebank_ZDM05649,509
Chinese_Genebank_ZDM04098,361
Chinese_Genebank_ZDM01454,245
Chinese_Genebank_ZDM03759,532
Chinese_Genebank_ZDM04050,885
Chinese_Genebank_ZDM07928,135
Chinese_Genebank_ZDM04058,520
Chinese_Genebank_ZDM08366,520
Chinese_Genebank_ZDM01606,445
Chinese_Genebank_ZDM03835,564
Chinese_Genebank_ZDM01605,202
Chinese_Genebank_ZDM01463,214
Chinese_Genebank_ZDM01506,360
Chinese_Genebank_ZDM01585,484
Chinese_Genebank_ZDM08796,777
Chinese_Genebank_ZDM08926,747
Chinese_Genebank_ZDM01704,477
Chinese_Genebank_ZDM03743,656
Chinese_Genebank_ZDM01690,409
Chinese_Genebank_ZDM01580,455
Chinese_Genebank_ZDM03873,730
Chinese_Genebank_ZDM07877,528
Chinese_Genebank_ZDM04001,264
Chinese_Genebank_ZDM05371,729
Chinese_Genebank_ZDM07887,470
Chinese_Genebank_ZDM07833,425
Chinese_Genebank_ZDM09178,561
Chinese_Genebank_ZDM07925,386
Chinese_Genebank_ZDM07869,191
Chinese_Genebank_ZDM03845,486
Chinese_Genebank_ZDM07923,409
Chinese_Genebank_ZDM09046,543
Chinese_Genebank_ZDM08860,459
Chinese_Genebank_ZDM08912,493
Chinese_Genebank_ZDM03906,496
Chinese_Genebank_ZDM08960,470
Chinese_Genebank_ZDM03813,344
Chinese_Genebank_ZDM03735,499
Chinese_Genebank_ZDM08978,447
Chinese_Genebank_ZDM03901,309
Chinese_Genebank_ZDM03885,356
Chinese_Genebank_ZDM09045,342
Chinese_Genebank_ZDM09020,366
Chinese_Genebank_ZDM08965,370
Chinese_Genebank_ZDM03699,379
Chinese_Genebank_ZDM03884,402
Chinese_Genebank_ZDM01431,211
Chinese_Genebank_ZDM07900,299
Chinese_Genebank_ZDM08983,454
Chinese_Genebank_ZDM00922,261
Chinese_Genebank_ZDM09047,427
Chinese_Genebank_ZDM05212,106
Chinese_Genebank_ZDM00976,493
Chinese_Genebank_ZDM00937,183
Chinese_Genebank_ZDM05209,118
Chinese_Genebank_ZDM03531,498
Chinese_Genebank_ZDM03483,512
Chinese_Genebank_ZDM00888,273
Chinese_Genebank_ZDM00891,277
Chinese_Genebank_ZDM01008,190
Chinese_Genebank_ZDM03532,519
Chinese_Genebank_ZDM01065,138
Chinese_Genebank_ZDM03669,241
Chinese_Genebank_ZDM01422,165
Chinese_Genebank_ZDM00985,417
Chinese_Genebank_ZDM03666,NA
Chinese_Genebank_ZDM08679,309
Chinese_Genebank_ZDM08692,545
Chinese_Genebank_ZDM08482,487
Chinese_Genebank_ZDM03513,427
Chinese_Genebank_ZDM01420,156
Chinese_Genebank_ZDM01419,286
Chinese_Genebank_ZDM08883,139
Chinese_Genebank_ZDM08476,318
BTR_FT519,192
Chinese_Genebank_ZDM00761,221
Chinese_Genebank_ZDM00861,176
Chinese_Genebank_ZDM00873,177
Chinese_Genebank_ZDM01412,400
Chinese_Genebank_ZDM01411,356
Chinese_Genebank_ZDM00185,159
Chinese_Genebank_ZDM08414,176
BRIDGE_HOR_11564,NA
Chinese_Genebank_ZDM00650,155
Chinese_Genebank_ZDM00878,279
Chinese_Genebank_ZDM01395,NA
Chinese_Genebank_ZDM01614,NA
Chinese_Genebank_ZDM03631,359
Chinese_Genebank_ZDM00793,100
BRIDGE_HOR_2351,NA
BRIDGE_HOR_2352,NA
BRIDGE_HOR_2353,NA
BRIDGE_HOR_2354,NA
BRIDGE_HOR_3299,NA
BRIDGE_HOR_2375,389
Chinese_Genebank_ZDM00558,149
Chinese_Genebank_ZDM00020,195
Chinese_Genebank_ZDM00029,NA
Chinese_Genebank_ZDM00040,219
Chinese_Genebank_ZDM00052,163
Chinese_Genebank_ZDM00049,131
Chinese_Genebank_ZDM00425,123
Chinese_Genebank_ZDM01888,118
Chinese_Genebank_ZDM03640,NA
Chinese_Genebank_ZDM00228,110
Chinese_Genebank_ZDM05358,268
Chinese_Genebank_ZDM00037,212
BRIDGE_HOR_11574,98
BRIDGE_HOR_11575,98
Chinese_Genebank_ZDM05280,181
Chinese_Genebank_ZDM00413,132
Chinese_Genebank_ZDM03647,294
Chinese_Genebank_ZDM00008,197
Chinese_Genebank_ZDM00489,107
Chinese_Genebank_ZDM03643,NA
Chinese_Genebank_ZDM00007,180
Chinese_Genebank_ZDM03619,315
Chinese_Genebank_ZDM05309,NA
Chinese_Genebank_ZDM05307,103
Chinese_Genebank_ZDM03579,NA
BRIDGE_HOR_2356,201
Chinese_Genebank_ZDM01856,109
Chinese_Genebank_ZDM01855,NA
Chinese_Genebank_ZDM03598,NA
Chinese_Genebank_ZDM00084,NA
BRIDGE_HOR_11568,NA
Chinese_Genebank_ZDM00012,NA
Chinese_Genebank_ZDM05316,117
Chinese_Genebank_ZDM02329,114
Chinese_Genebank_ZDM05321,230
Chinese_Genebank_ZDM02246,160
Chinese_Genebank_ZDM02194,163
Chinese_Genebank_ZDM00424,103
Chinese_Genebank_ZDM03606,370
Chinese_Genebank_ZDM03590,NA
Chinese_Genebank_ZDM03586,396
Chinese_Genebank_ZDM03593,218
Chinese_Genebank_ZDM01837,262
Chinese_Genebank_ZDM02234,282
Chinese_Genebank_ZDM03589,NA
Chinese_Genebank_ZDM01952,390
Chinese_Genebank_ZDM03210,326
Chinese_Genebank_ZDM03607,343
Chinese_Genebank_ZDM03172,183
Chinese_Genebank_ZDM02926,562
Chinese_Genebank_ZDM05207,543
Chinese_Genebank_ZDM03307,368
Chinese_Genebank_ZDM02422,291
Chinese_Genebank_ZDM02297,NA
Chinese_Genebank_ZDM03211,388
Chinese_Genebank_ZDM00457,NA
Chinese_Genebank_ZDM01940,318
Chinese_Genebank_ZDM03609,348
Chinese_Genebank_ZDM03182,305
Chinese_Genebank_ZDM02015,NA
Chinese_Genebank_ZDM02257,286
Chinese_Genebank_ZDM02894,452
BRIDGE_HOR_2363,NA
Chinese_Genebank_ZDM02674,389
Chinese_Genebank_ZDM03068,474
Chinese_Genebank_ZDM00262,NA
Chinese_Genebank_ZDM01928,352
Chinese_Genebank_ZDM03098,NA
Chinese_Genebank_ZDM02510,452
Chinese_Genebank_ZDM02574,NA
Chinese_Genebank_ZDM02946,464
Chinese_Genebank_ZDM02509,NA
BRIDGE_HOR_2357,177
Chinese_Genebank_ZDM02953,NA
Chinese_Genebank_ZDM03360,NA
Chinese_Genebank_ZDM01340,186
BRIDGE_HOR_2355,210
Chinese_Genebank_ZDM01357,237
Chinese_Genebank_ZDM01467,449
Chinese_Genebank_ZDM05215,452
Chinese_Genebank_ZDM01223,364
Chinese_Genebank_ZDM01279,483
Chinese_Genebank_ZDM05217,485
BRIDGE_HOR_10589,320
BRIDGE_HOR_10860,320
Chinese_Genebank_ZDM01212,457
BTR_FT524,353
Chinese_Genebank_ZDM01159,548
Chinese_Genebank_ZDM01167,743
Chinese_Genebank_ZDM01283,943
BRIDGE_HOR_2376,1088
Chinese_Genebank_ZDM01285,493
Chinese_Genebank_ZDM01187,516